gemma2-9b-it ; 35.002120971679687500, 30.392898559570312500, 0.211090087890625000,  ,  1280.3 
gemma2-9b-it ; 33.412689208984375000, 29.231857299804687500, 0.109069824218750000,  ,  1193.1 
gemma2-9b-it ; 32.832275390625000000, 28.723358154296875000, 0.107284545898437500,  ,  1173.96 
gemma2-9b-it ; 33.406890869140625000, 29.234466552734375000, 0.108932495117187500,  ,  1191.65 
gemma2-9b-it ; 34.121826171875000000, 29.854812622070312500, 0.111145019531250000,  ,  1214.83 
gemma2-9b-it ; 36.921066284179687500, 31.152206420898437500, 1.139709472656250000,  ,  1260.59 
gemma2-9b-it ; 41.664733886718750000, 34.400650024414062500, 1.955078125000000000,  ,  1390.98 
gemma2-9b-it ; 37.362792968750000000, 31.955780029296875000, 0.758255004882812500,  ,  1294.03 
gemma2-9b-it ; 41.339523315429687500, 35.339874267578125000, 0.765701293945312500,  ,  1435.55 
gemma2-9b-it ; 32.611541748046875000, 28.467575073242187500, 0.159667968750000000,  ,  1159.45 
gemma2-9b-it ; 42.255294799804687500, 34.700012207031250000, 2.133911132812500000,  ,  1397.72 
gemma2-9b-it ; 56.931884765625000000, 44.120712280273437500, 5.035415649414062500,  ,  1801.01 
gemma2-9b-it ; 42.339874267578125000, 34.472717285156250000, 2.444198608398437500,  ,  1392.9 
gemma2-9b-it ; 37.367462158203125000, 31.559982299804687500, 1.132492065429687500,  ,  1283.08 
gemma2-9b-it ; 39.276428222656250000, 32.960006713867187500, 1.354248046875000000,  ,  1336.07 
gemma2-9b-it ; 38.945571899414062500, 33.083587646484375000, 0.970504760742187500,  ,  1341.93 
gemma2-9b-it ; 39.075164794921875000, 33.357955932617187500, 0.815124511718750000,  ,  1355.6 
gemma2-9b-it ; 36.617782592773437500, 31.717269897460937500, 0.363143920898437500,  ,  1291.23 
gemma2-9b-it ; 43.810272216796875000, 36.383132934570312500, 1.837677001953125000,  ,  1457.61 
gemma2-9b-it ; 47.196060180664062500, 37.494018554687500000, 3.527877807617187500,  ,  1503.31 
gemma2-9b-it ; 38.794830322265625000, 33.758590698242187500, 0.255645751953125000,  ,  1364.24 
gemma2-9b-it ; 32.989303588867187500, 28.857833862304687500, 0.107269287109375000,  ,  1172.5 
gemma2-9b-it ; 36.689865112304687500, 32.074783325195312500, 0.118621826171875000,  ,  1297.91 
gemma2-9b-it ; 34.424377441406250000, 29.928756713867187500, 0.282104492187500000,  ,  1213.09 
gemma2-9b-it ; 37.861038208007812500, 32.784881591796875000, 0.429824829101562500,  ,  1321.62 
gemma2-9b-it ; 33.249420166015625000, 29.079223632812500000, 0.108596801757812500,  ,  1187.92 
gemma2-9b-it ; 32.538360595703125000, 28.468734741210937500, 0.105957031250000000,  ,  1159.58 
gemma2-9b-it ; 46.985107421875000000, 37.602813720703125000, 3.017974853515625000,  ,  1626.53 
gemma2-9b-it ; 43.480331420898437500, 36.439682006835937500, 1.518829345703125000,  ,  1455.12 
gemma2-9b-it ; 44.701034545898437500, 36.279113769531250000, 2.627929687500000000,  ,  1457.36 
gemma2-9b-it ; 36.083953857421875000, 30.894943237304687500, 0.723251342773437500,  ,  1249.88 
gemma2-9b-it ; 35.484512329101562500, 30.982833862304687500, 0.115280151367187500,  ,  1262.1 
gemma2-9b-it ; 52.636795043945312500, 41.418502807617187500, 4.271820068359375000,  ,  1656.35 
gemma2-9b-it ; 39.511108398437500000, 32.867446899414062500, 1.639053344726562500,  ,  1334.08 
gemma2-9b-it ; 33.492584228515625000, 29.292251586914062500, 0.108947753906250000,  ,  1193.22 
gemma2-9b-it ; 33.540328979492187500, 29.337005615234375000, 0.109451293945312500,  ,  1197.65 
gemma2-9b-it ; 32.880340576171875000, 28.768630981445312500, 0.107040405273437500,  ,  1171.62 
gemma2-9b-it ; 34.123580932617187500, 29.846008300781250000, 0.111511230468750000,  ,  1219.42 
gemma2-9b-it ; 32.577606201171875000, 28.499633789062500000, 0.105972290039062500,  ,  1159.76 
gemma2-9b-it ; 33.886505126953125000, 29.646713256835937500, 0.110458374023437500,  ,  1208.9 
gemma2-9b-it ; 33.158645629882812500, 29.002410888671875000, 0.108154296875000000,  ,  1182.83 
gemma2-9b-it ; 33.752014160156250000, 29.527908325195312500, 0.110046386718750000,  ,  1204.58 
gemma2-9b-it ; 33.555862426757812500, 29.357177734375000000, 0.109512329101562500,  ,  1196.94 
gemma2-9b-it ; 33.979614257812500000, 29.717864990234375000, 0.110580444335937500,  ,  1208.69 
gemma2-9b-it ; 34.322647094726562500, 29.905517578125000000, 0.225479125976562500,  ,  1215.6 
gemma2-9b-it ; 34.230422973632812500, 29.939376831054687500, 0.111755371093750000,  ,  1223.27 
gemma2-9b-it ; 33.691635131835937500, 29.477706909179687500, 0.109802246093750000,  ,  1201.71 
gemma2-9b-it ; 33.087936401367187500, 28.949783325195312500, 0.107818603515625000,  ,  1179.26 
gemma2-9b-it ; 32.720657348632812500, 28.624450683593750000, 0.106735229492187500,  ,  1166.43 
gemma2-9b-it ; 32.268814086914062500, 28.234863281250000000, 0.105117797851562500,  ,  1149.71 
gemma2-9b-it ; 32.438751220703125000, 28.383255004882812500, 0.105606079101562500,  ,  1155.41 
gemma2-9b-it ; 32.657150268554687500, 28.556121826171875000, 0.106399536132812500,  ,  1164.46 
gemma2-9b-it ; 32.338500976562500000, 28.297271728515625000, 0.105224609375000000,  ,  1151.74 
gemma2-9b-it ; 32.694458007812500000, 28.604125976562500000, 0.106430053710937500,  ,  1163.81 
gemma2-9b-it ; 33.364181518554687500, 29.118621826171875000, 0.167266845703125000,  ,  1187.51 
gemma2-9b-it ; 8.707489013671875000, 7.583755493164062500, 0.068756103515625000,  ,  304.329 
gemma2-9b-it ; 36.013488769531250000, 31.081466674804687500, 0.489196777343750000,  ,  1262.68 
gemma2-9b-it ; 42.520965576171875000, 34.311645507812500000, 2.712142944335937500,  ,  1383.72 
gemma2-9b-it ; 37.903213500976562500, 32.275909423828125000, 0.932449340820312500,  ,  1299.24 
gemma2-9b-it ; 44.902435302734375000, 37.765457153320312500, 1.473648071289062500,  ,  1508.58 
gemma2-9b-it ; 41.018615722656250000, 34.748443603515625000, 1.102569580078125000,  ,  1396.62 
gemma2-9b-it ; 39.753555297851562500, 32.517623901367187500, 2.052749633789062500,  ,  1361.24 
gemma2-9b-it ; 39.778656005859375000, 33.875457763671875000, 0.932556152343750000,  ,  1359.16 
gemma2-9b-it ; 36.377639770507812500, 31.037322998046875000, 0.814254760742187500,  ,  1257.66 
gemma2-9b-it ; 34.035552978515625000, 29.547225952148437500, 0.311355590820312500,  ,  1203.14 
gemma2-9b-it ; 36.805252075195312500, 31.323410034179687500, 0.919006347656250000,  ,  1269.09 
gemma2-9b-it ; 36.491516113281250000, 31.352310180664062500, 0.634689331054687500,  ,  1260.94 
gemma2-9b-it ; 37.868316650390625000, 33.389511108398437500, 0.115676879882812500,  ,  1266.01 
gemma2-9b-it ; 39.143600463867187500, 34.515686035156250000, 0.119491577148437500,  ,  1306.69 
gemma2-9b-it ; 35.212158203125000000, 31.050796508789062500, 0.107635498046875000,  ,  1177.52 
gemma2-9b-it ; 49.079620361328125000, 40.472824096679687500, 2.629302978515625000,  ,  1537.31 
gemma2-9b-it ; 49.214385986328125000, 41.863937377929687500, 1.459060668945312500,  ,  1584.67 
gemma2-9b-it ; 59.684707641601562500, 49.512512207031250000, 2.830047607421875000,  ,  1876.87 
gemma2-9b-it ; 54.492141723632812500, 46.812545776367187500, 1.185668945312500000,  ,  1765.14 
gemma2-9b-it ; 69.903915405273437500, 58.466339111328125000, 3.014938354492187500,  ,  2217.11 
gemma2-9b-it ; 66.267242431640625000, 54.235595703125000000, 3.831741333007812500,  ,  2070.43 
gemma2-9b-it ; 69.546249389648437500, 57.816406250000000000, 3.151962280273437500,  ,  2204.18 
gemma2-9b-it ; 62.859008789062500000, 54.994110107421875000, 0.510345458984375000,  ,  2107.01 
gemma2-9b-it ; 61.459899902343750000, 53.899505615234375000, 0.384185791015625000,  ,  2071 
gemma2-9b-it ; 62.807769775390625000, 55.022125244140625000, 0.434432983398437500,  ,  2107.04 
gemma2-9b-it ; 57.195663452148437500, 46.834838867187500000, 3.319229125976562500,  ,  1776.1 
gemma2-9b-it ; 64.214172363281250000, 55.725509643554687500, 0.927688598632812500,  ,  2134.81 
gemma2-9b-it ; 59.017196655273437500, 50.841720581054687500, 1.191421508789062500,  ,  1930.94 
gemma2-9b-it ; 50.303787231445312500, 43.696899414062500000, 0.718093872070312500,  ,  1652.12 
gemma2-9b-it ; 47.312667846679687500, 41.102294921875000000, 0.675888061523437500,  ,  1560.24 
gemma2-9b-it ; 37.341049194335937500, 32.521469116210937500, 0.461578369140625000,  ,  1226.63 
gemma2-9b-it ; 45.745925903320312500, 40.195938110351562500, 0.260467529296875000,  ,  1518.63 
gemma2-9b-it ; 51.876342773437500000, 45.669311523437500000, 0.215591430664062500,  ,  1738.3 
gemma2-9b-it ; 63.746322631835937500, 56.205963134765625000, 0.196578979492187500,  ,  2151.44 
gemma2-9b-it ; 60.073593139648437500, 52.835922241210937500, 0.280807495117187500,  ,  2014.51 
gemma2-9b-it ; 59.135101318359375000, 52.129821777343750000, 0.182144165039062500,  ,  1992.85 
gemma2-9b-it ; 57.883422851562500000, 51.032012939453125000, 0.177993774414062500,  ,  1948.24 
gemma2-9b-it ; 55.699691772460937500, 48.945205688476562500, 0.285552978515625000,  ,  1861.71 
gemma2-9b-it ; 63.887008666992187500, 56.323089599609375000, 0.197128295898437500,  ,  2155.01 
gemma2-9b-it ; 64.045578002929687500, 56.459472656250000000, 0.197723388671875000,  ,  2164.26 
gemma2-9b-it ; 59.240509033203125000, 52.216552734375000000, 0.182586669921875000,  ,  1999.06 
gemma2-9b-it ; 64.586029052734375000, 56.775802612304687500, 0.313034057617187500,  ,  2166.28 
gemma2-9b-it ; 63.428390502929687500, 55.917388916015625000, 0.195724487304687500,  ,  2140.28 
gemma2-9b-it ; 63.898773193359375000, 56.335891723632812500, 0.197158813476562500,  ,  2155.63 
gemma2-9b-it ; 58.277511596679687500, 51.363021850585937500, 0.179611206054687500,  ,  1965.37 
gemma2-9b-it ; 39.278778076171875000, 34.520904541015625000, 0.182083129882812500,  ,  1306.11 
gemma2-9b-it ; 36.045608520507812500, 31.699356079101562500, 0.161621093750000000,  ,  1198.83 
gemma2-9b-it ; 35.438995361328125000, 31.226699829101562500, 0.107864379882812500,  ,  1180.78 
gemma2-9b-it ; 64.073303222656250000, 55.806762695312500000, 0.759063720703125000,  ,  2132.76 
gemma2-9b-it ; 60.428894042968750000, 53.255752563476562500, 0.186462402343750000,  ,  2040.35 
gemma2-9b-it ; 56.909729003906250000, 49.911544799804687500, 0.363693237304687500,  ,  1904.88 
gemma2-9b-it ; 62.288406372070312500, 54.891738891601562500, 0.191894531250000000,  ,  2098.29 
gemma2-9b-it ; 61.765014648437500000, 54.401779174804687500, 0.191528320312500000,  ,  2095.94 
gemma2-9b-it ; 53.723541259765625000, 47.191970825195312500, 0.282455444335937500,  ,  1800.16 
gemma2-9b-it ; 35.513885498046875000, 31.293823242187500000, 0.108291625976562500,  ,  1184.7 
gemma2-9b-it ; 35.594711303710937500, 31.364654541015625000, 0.108734130859375000,  ,  1190.63 
gemma2-9b-it ; 53.944931030273437500, 43.956359863281250000, 3.340957641601562500,  ,  1665.88 
gemma2-9b-it ; 49.278564453125000000, 40.833786010742187500, 2.430831909179687500,  ,  1548.58 
gemma2-9b-it ; 69.324600219726562500, 56.504013061523437500, 4.159088134765625000,  ,  2148.26 
gemma2-9b-it ; 59.846984863281250000, 52.654586791992187500, 0.194412231445312500,  ,  2016.67 
gemma2-9b-it ; 62.050643920898437500, 54.368789672851562500, 0.408874511718750000,  ,  2084.7 
gemma2-9b-it ; 62.671096801757812500, 55.047866821289062500, 0.308670043945312500,  ,  2112.52 
gemma2-9b-it ; 69.065383911132812500, 57.080856323242187500, 3.485519409179687500,  ,  2177 
gemma2-9b-it ; 42.306594848632812500, 35.573364257812500000, 1.617691040039062500,  ,  1348.16 
gemma2-9b-it ; 66.065322875976562500, 56.458755493164062500, 1.624008178710937500,  ,  2156.07 
gemma2-9b-it ; 63.355636596679687500, 55.648864746093750000, 0.362319946289062500,  ,  2129.69 
gemma2-9b-it ; 46.707046508789062500, 40.509445190429687500, 0.704711914062500000,  ,  1533.15 
gemma2-9b-it ; 38.486297607421875000, 33.507324218750000000, 0.458923339843750000,  ,  1267.05 
gemma2-9b-it ; 47.097869873046875000, 41.135345458984375000, 0.480224609375000000,  ,  1563.34 
gemma2-9b-it ; 66.137771606445312500, 57.282333374023437500, 1.086013793945312500,  ,  2181.31 
gemma2-9b-it ; 64.735885620117187500, 56.634063720703125000, 0.537231445312500000,  ,  2157.21 
gemma2-9b-it ; 62.871383666992187500, 54.962295532226562500, 0.572021484375000000,  ,  2108.29 
gemma2-9b-it ; 66.312789916992187500, 57.451690673828125000, 1.092758178710937500,  ,  2182.54 
gemma2-9b-it ; 60.553176879882812500, -65485.580200195312500000, 2.763290405273437500,  ,  1922.57 
gemma2-9b-it ; 57.981536865234375000, 47.522567749023437500, 3.297271728515625000,  ,  1794.63 
gemma2-9b-it ; 51.642684936523437500, 43.178070068359375000, 2.177734375000000000,  ,  1634.83 
gemma2-9b-it ; 71.565048217773437500, 58.773391723632812500, 3.971420288085937500,  ,  2219.93 
gemma2-9b-it ; 63.069137573242187500, 53.621109008789062500, 1.842697143554687500,  ,  2042.34 
gemma2-9b-it ; 61.174057006835937500, 53.834579467773437500, 0.189193725585937500,  ,  2070.32 
gemma2-9b-it ; 64.423690795898437500, 55.830047607421875000, 0.957275390625000000,  ,  2131.18 
gemma2-9b-it ; 60.452804565429687500, 52.162322998046875000, 1.070465087890625000,  ,  1971.38 
gemma2-9b-it ; 42.297012329101562500, 37.083816528320312500, 0.228118896484375000,  ,  1405.29 
gemma2-9b-it ; 36.595214843750000000, 32.232391357421875000, 0.126129150390625000,  ,  1221.54 
gemma2-9b-it ; 38.192977905273437500, 33.657714843750000000, 0.116668701171875000,  ,  1277.09 
gemma2-9b-it ; 57.556869506835937500, 48.102462768554687500, 2.451126098632812500,  ,  1814.86 
gemma2-9b-it ; 34.405166625976562500, 30.328994750976562500, 0.104782104492187500,  ,  1147.39 
gemma2-9b-it ; 39.653594970703125000, 34.938262939453125000, 0.121383666992187500,  ,  1327.64 
gemma2-9b-it ; 35.672851562500000000, 31.439773559570312500, 0.109039306640625000,  ,  1191.71 
gemma2-9b-it ; 39.938156127929687500, 34.443542480468750000, 0.800186157226562500,  ,  1302.8 
gemma2-9b-it ; 41.830337524414062500, 36.093383789062500000, 0.819519042968750000,  ,  1366.38 
gemma2-9b-it ; 62.952636718750000000, 55.022094726562500000, 0.545791625976562500,  ,  2100.4 
gemma2-9b-it ; 62.184768676757812500, 54.653259277343750000, 0.260559082031250000,  ,  2096.42 
gemma2-9b-it ; 69.994659423828125000, 57.209259033203125000, 4.136199951171875000,  ,  2176.43 
gemma2-9b-it ; 63.669387817382812500, 55.531402587890625000, 0.667587280273437500,  ,  2130.97 
gemma2-9b-it ; 62.783950805664062500, 54.818756103515625000, 0.597335815429687500,  ,  2103.52 
gemma2-9b-it ; 63.770370483398437500, 56.012542724609375000, 0.301712036132812500,  ,  2150.83 
gemma2-9b-it ; 62.703750610351562500, 54.736877441406250000, 0.603622436523437500,  ,  2099.2 
gemma2-9b-it ; 64.168777465820312500, 55.990875244140625000, 0.641738891601562500,  ,  2145.09 
gemma2-9b-it ; 64.096557617187500000, 56.075958251953125000, 0.547439575195312500,  ,  2137.07 
gemma2-9b-it ; 43.950317382812500000, 37.968276977539062500, 0.553588867187500000,  ,  1541.21 
gemma2-9b-it ; 39.873626708984375000, 34.198776245117187500, 0.692764282226562500,  ,  1373.6 
gemma2-9b-it ; 35.592987060546875000, 30.345581054687500000, 0.849990844726562500,  ,  1229.25 
gemma2-9b-it ; 35.649246215820312500, 30.548385620117187500, 0.676055908203125000,  ,  1237.7 
gemma2-9b-it ; 38.844223022460937500, 33.690643310546875000, 0.506149291992187500,  ,  1306.46 
gemma2-9b-it ; 41.741638183593750000, 36.487915039062500000, 0.353302001953125000,  ,  1378.84 
gemma2-9b-it ; 61.957794189453125000, 51.289062500000000000, 3.061935424804687500,  ,  1932.17 
gemma2-9b-it ; 70.765777587890625000, 59.434158325195312500, 2.725173950195312500,  ,  2239.22 
gemma2-9b-it ; 65.201705932617187500, 55.620834350585937500, 1.849563598632812500,  ,  2106.49 
gemma2-9b-it ; 69.474197387695312500, 59.402008056640625000, 1.764007568359375000,  ,  2244.49 
gemma2-9b-it ; 66.035659790039062500, 57.280120849609375000, 1.017593383789062500,  ,  2179.89 
gemma2-9b-it ; 62.744232177734375000, 54.362518310546875000, 0.990844726562500000,  ,  2068.99 
gemma2-9b-it ; 66.415573120117187500, 57.689224243164062500, 0.908630371093750000,  ,  2169.67 
gemma2-9b-it ; 64.113616943359375000, 54.930313110351562500, 1.540954589843750000,  ,  2080.87 
gemma2-9b-it ; 59.973876953125000000, 52.853668212890625000, 0.184417724609375000,  ,  2017.4 
gemma2-9b-it ; 54.374160766601562500, 47.923355102539062500, 0.166763305664062500,  ,  1825 
gemma2-9b-it ; 63.355056762695312500, 54.550796508789062500, 1.339981079101562500,  ,  2043.4 
gemma2-9b-it ; 59.092330932617187500, 50.194213867187500000, 1.781860351562500000,  ,  1916.03 
gemma2-9b-it ; 54.765075683593750000, 45.004974365234375000, 2.947433471679687500,  ,  1711.12 
gemma2-9b-it ; 40.704315185546875000, 35.793777465820312500, 0.183273315429687500,  ,  1348.63 
gemma2-9b-it ; 70.046218872070312500, 56.627426147460937500, 4.717849731445312500,  ,  2120.92 
gemma2-9b-it ; 71.171737670898437500, 56.186431884765625000, 5.863662719726562500,  ,  2122.84 
gemma2-9b-it ; 83.790893554687500000, 67.344253540039062500, 5.904449462890625000,  ,  2538.17 
gemma2-9b-it ; 68.488891601562500000, 58.786590576171875000, 1.476318359375000000,  ,  2227.1 
gemma2-9b-it ; 67.919815063476562500, 57.072982788085937500, 2.629745483398437500,  ,  2168.04 
gemma2-9b-it ; 66.236572265625000000, 56.837844848632812500, 1.479217529296875000,  ,  2163.76 
gemma2-9b-it ; 52.132095336914062500, 45.872406005859375000, 0.159912109375000000,  ,  1749.54 
gemma2-9b-it ; 64.267822265625000000, 56.421813964843750000, 0.246795654296875000,  ,  2152.52 
gemma2-9b-it ; 64.351959228515625000, 52.275955200195312500, 4.060806274414062500,  ,  1977.1 
gemma2-9b-it ; 64.551254272460937500, 53.119247436523437500, 3.420394897460937500,  ,  1999.24 
gemma2-9b-it ; 76.457199096679687500, 60.634414672851562500, 6.107482910156250000,  ,  2277.53 
gemma2-9b-it ; 66.115417480468750000, 53.689682006835937500, 4.074752807617187500,  ,  2032.03 
gemma2-9b-it ; 58.814086914062500000, 49.457199096679687500, 2.224990844726562500,  ,  1867.85 
gemma2-9b-it ; 75.435577392578125000, 60.274108886718750000, 5.579421997070312500,  ,  2261.25 
gemma2-9b-it ; 68.473403930664062500, 58.054428100585937500, 2.193771362304687500,  ,  2200.27 
gemma2-9b-it ; 77.629165649414062500, 63.837127685546875000, 4.205505371093750000,  ,  2370.91 
gemma2-9b-it ; 61.815414428710937500, 52.161987304687500000, 2.203002929687500000,  ,  1947.93 
gemma2-9b-it ; 61.365905761718750000, 53.343490600585937500, 0.799560546875000000,  ,  2038.53 
gemma2-9b-it ; 52.784118652343750000, 43.698989868164062500, 2.617492675781250000,  ,  1653.51 
gemma2-9b-it ; 53.284271240234375000, 44.580429077148437500, 2.302413940429687500,  ,  1664.97 
gemma2-9b-it ; 51.464279174804687500, 44.000717163085937500, 1.315872192382812500,  ,  1668.11 
gemma2-9b-it ; 54.298614501953125000, 45.002197265625000000, 2.641845703125000000,  ,  1697.57 
gemma2-9b-it ; 35.115707397460937500, 30.936477661132812500, 0.106811523437500000,  ,  1168.09 
gemma2-9b-it ; 63.094497680664062500, 52.357101440429687500, 3.005599975585937500,  ,  1970.91 
gemma2-9b-it ; 76.687072753906250000, 64.701858520507812500, 2.659820556640625000,  ,  2390.25 
gemma2-9b-it ; 67.297622680664062500, 57.424713134765625000, 1.613616943359375000,  ,  2179.06 
gemma2-9b-it ; 73.786468505859375000, 60.826217651367187500, 4.008071899414062500,  ,  2275.86 
gemma2-9b-it ; 70.798538208007812500, 57.013122558593750000, 4.962387084960937500,  ,  2149.2 
gemma2-9b-it ; 58.327392578125000000, 47.247238159179687500, 3.858581542968750000,  ,  1783.09 
gemma2-9b-it ; 59.346145629882812500, 51.834808349609375000, 0.539306640625000000,  ,  1985.16 
gemma2-9b-it ; 62.807647705078125000, 50.892349243164062500, 4.137557983398437500,  ,  1913.18 
gemma2-9b-it ; 50.410690307617187500, 41.424713134765625000, 2.919784545898437500,  ,  1564.92 
gemma2-9b-it ; 60.094100952148437500, 50.279754638671875000, 2.611663818359375000,  ,  1889.69 
gemma2-9b-it ; 68.215515136718750000, 59.153686523437500000, 1.230606079101562500,  ,  2150.32 
gemma2-9b-it ; 64.201522827148437500, 53.349212646484375000, 2.916976928710937500,  ,  2025.23 
gemma2-9b-it ; 48.092025756835937500, 38.895767211914062500, 3.052337646484375000,  ,  1529.88 
gemma2-9b-it ; 46.062896728515625000, 36.864303588867187500, 3.229370117187500000,  ,  1471.38 
gemma2-9b-it ; 46.122817993164062500, 38.647140502929687500, 1.580673217773437500,  ,  1538.52 
gemma2-9b-it ; 41.427978515625000000, 34.338943481445312500, 1.776046752929687500,  ,  1384.97 
gemma2-9b-it ; 36.358489990234375000, 30.924682617187500000, 0.870346069335937500,  ,  1251.06 
gemma2-9b-it ; 34.549819946289062500, 30.189712524414062500, 0.111557006835937500,  ,  1220.72 
gemma2-9b-it ; 35.778564453125000000, 30.866439819335937500, 0.453506469726562500,  ,  1247 
gemma2-9b-it ; 40.347579956054687500, 33.844604492187500000, 1.394775390625000000,  ,  1357.82 
gemma2-9b-it ; 53.413482666015625000, 41.405670166015625000, 4.780960083007812500,  ,  1691.44 
gemma2-9b-it ; 39.556015014648437500, 33.186126708984375000, 1.377182006835937500,  ,  1336.4 
gemma2-9b-it ; 35.653854370117187500, 30.785491943359375000, 0.437500000000000000,  ,  1245.88 
gemma2-9b-it ; 36.438781738281250000, 31.020339965820312500, 0.848953247070312500,  ,  1250.11 
gemma2-9b-it ; 44.066604614257812500, 35.804122924804687500, 2.562637329101562500,  ,  1431.35 
gemma2-9b-it ; 36.084243774414062500, 31.048095703125000000, 0.554901123046875000,  ,  1254.91 
gemma2-9b-it ; 34.190185546875000000, 29.389770507812500000, 0.561981201171875000,  ,  1188.02 
gemma2-9b-it ; 33.999542236328125000, 29.597213745117187500, 0.219299316406250000,  ,  1199.59 
gemma2-9b-it ; 33.157028198242187500, 28.983917236328125000, 0.107345581054687500,  ,  1173.09 
gemma2-9b-it ; 33.958938598632812500, 29.434143066406250000, 0.350448608398437500,  ,  1191.27 
gemma2-9b-it ; 34.917388916015625000, 29.960968017578125000, 0.619354248046875000,  ,  1211.58 
gemma2-9b-it ; 35.340728759765625000, 30.070617675781250000, 0.913284301757812500,  ,  1216.43 
gemma2-9b-it ; 36.315048217773437500, 31.653472900390625000, 0.199905395507812500,  ,  1276.8 
gemma2-9b-it ; 35.668533325195312500, 31.161743164062500000, 0.114700317382812500,  ,  1254.9 
gemma2-9b-it ; 39.066955566406250000, 33.962570190429687500, 0.129776000976562500,  ,  1419.22 
gemma2-9b-it ; 33.933837890625000000, 29.408187866210937500, 0.349273681640625000,  ,  1190.63 
gemma2-9b-it ; 33.959808349609375000, 29.567962646484375000, 0.223007202148437500,  ,  1196.18 
gemma2-9b-it ; 35.923400878906250000, 31.149795532226562500, 0.349868774414062500,  ,  1259.44 
gemma2-9b-it ; 36.108612060546875000, 31.152664184570312500, 0.513565063476562500,  ,  1259.28 
gemma2-9b-it ; 35.727279663085937500, 30.741409301757812500, 0.560379028320312500,  ,  1241.47 
gemma2-9b-it ; 37.052841186523437500, 31.659729003906250000, 0.777343750000000000,  ,  1282.5 
gemma2-9b-it ; 36.052764892578125000, 31.043395996093750000, 0.552902221679687500,  ,  1250.39 
gemma2-9b-it ; 34.291442871093750000, 29.978042602539062500, 0.111022949218750000,  ,  1214.8 
gemma2-9b-it ; 33.719863891601562500, 29.466430664062500000, 0.109298706054687500,  ,  1195.5 
gemma2-9b-it ; 44.107727050781250000, 37.906036376953125000, 0.921493530273437500,  ,  1432.37 
gemma2-9b-it ; 76.371551513671875000, 63.106582641601562500, 3.851333618164062500,  ,  2378.32 
gemma2-9b-it ; 59.267730712890625000, 51.950408935546875000, 0.403472900390625000,  ,  1986.15 
gemma2-9b-it ; 62.663955688476562500, 54.706008911132812500, 0.662414550781250000,  ,  2060.16 
gemma2-9b-it ; 61.284301757812500000, 53.449325561523437500, 0.690155029296875000,  ,  2024.31 
gemma2-9b-it ; 60.243637084960937500, 53.100494384765625000, 0.184463500976562500,  ,  2017.7 
gemma2-9b-it ; 59.970642089843750000, 52.837936401367187500, 0.184326171875000000,  ,  2016.77 
gemma2-9b-it ; 47.799011230468750000, 41.607696533203125000, 0.604049682617187500,  ,  1553.85 
gemma2-9b-it ; 36.643936157226562500, 32.214340209960937500, 0.166915893554687500,  ,  1215.77 
gemma2-9b-it ; 36.067794799804687500, 31.771102905273437500, 0.109603881835937500,  ,  1199.53 
gemma2-9b-it ; 35.141357421875000000, 30.955718994140625000, 0.106567382812500000,  ,  1165.79 
gemma2-9b-it ; 36.260345458984375000, 31.932449340820312500, 0.110137939453125000,  ,  1204.76 
gemma2-9b-it ; 36.553100585937500000, 32.190902709960937500, 0.111358642578125000,  ,  1217.71 
gemma2-9b-it ; 55.046218872070312500, 47.959976196289062500, 0.653457641601562500,  ,  1802.94 
gemma2-9b-it ; 37.140533447265625000, 32.698455810546875000, 0.113174438476562500,  ,  1237.7 
gemma2-9b-it ; 35.675613403320312500, 31.416412353515625000, 0.108459472656250000,  ,  1186.7 
gemma2-9b-it ; 35.879547119140625000, 31.601943969726562500, 0.108993530273437500,  ,  1192.39 
gemma2-9b-it ; 38.883636474609375000, 34.182693481445312500, 0.173812866210937500,  ,  1287.51 
gemma2-9b-it ; 57.435409545898437500, 50.149383544921875000, 0.595489501953125000,  ,  1888.83 
gemma2-9b-it ; 61.759231567382812500, 54.340667724609375000, 0.190414428710937500,  ,  2084.5 
gemma2-9b-it ; 64.914962768554687500, 56.643478393554687500, 0.659545898437500000,  ,  2142.33 
gemma2-9b-it ; 36.780181884765625000, 32.385757446289062500, 0.111877441406250000,  ,  1224.06 
gemma2-9b-it ; 35.096710205078125000, 30.913497924804687500, 0.106658935546875000,  ,  1165.89 
gemma2-9b-it ; 40.078933715820312500, 35.299102783203125000, 0.121765136718750000,  ,  1331.47 
gemma2-9b-it ; 48.606124877929687500, 42.696884155273437500, 0.265106201171875000,  ,  1624.28 
gemma2-9b-it ; 65.454177856445312500, 57.239761352539062500, 0.583801269531250000,  ,  2154.29 
gemma2-9b-it ; 64.811660766601562500, 57.007415771484375000, 0.309555053710937500,  ,  2168.66 
gemma2-9b-it ; 64.217788696289062500, 53.553909301757812500, 2.853027343750000000,  ,  2023.33 
gemma2-9b-it ; 65.500396728515625000, 56.601455688476562500, 1.176208496093750000,  ,  2143.27 
gemma2-9b-it ; 65.494888305664062500, 55.196899414062500000, 2.286285400390625000,  ,  2090.49 
gemma2-9b-it ; 63.643997192382812500, 55.661712646484375000, 0.489929199218750000,  ,  2131.26 
gemma2-9b-it ; 64.205581665039062500, 55.981903076171875000, 0.684906005859375000,  ,  2122.21 
gemma2-9b-it ; 63.045425415039062500, 55.123397827148437500, 0.502166748046875000,  ,  2111.92 
gemma2-9b-it ; 44.910018920898437500, 39.215103149414062500, 0.491073608398437500,  ,  1463.14 
gemma2-9b-it ; 56.756805419921875000, 49.674865722656250000, 0.453796386718750000,  ,  1890.27 
gemma2-9b-it ; 63.535476684570312500, 55.583023071289062500, 0.519256591796875000,  ,  2134.15 
gemma2-9b-it ; 64.303527832031250000, 56.074249267578125000, 0.750793457031250000,  ,  2113.36 
gemma2-9b-it ; 62.336654663085937500, 54.642318725585937500, 0.412338256835937500,  ,  2098.54 
gemma2-9b-it ; 64.481521606445312500, 56.301544189453125000, 0.662033081054687500,  ,  2133.34 
gemma2-9b-it ; 63.036544799804687500, 55.130233764648437500, 0.540405273437500000,  ,  2100.37 
gemma2-9b-it ; 55.321105957031250000, 48.171325683593750000, 0.719619750976562500,  ,  1808.8 
gemma2-9b-it ; 38.127670288085937500, 33.457992553710937500, 0.225173950195312500,  ,  1264.86 
gemma2-9b-it ; 43.524475097656250000, 38.032058715820312500, 0.402893066406250000,  ,  1443.96 
gemma2-9b-it ; 36.913208007812500000, 32.335739135742187500, 0.277755737304687500,  ,  1224.72 
gemma2-9b-it ; 36.526611328125000000, 32.066314697265625000, 0.218826293945312500,  ,  1212.29 
gemma2-9b-it ; 38.013961791992187500, 33.412017822265625000, 0.226119995117187500,  ,  1266.38 
gemma2-9b-it ; 46.960586547851562500, 40.895141601562500000, 0.609909057617187500,  ,  1525.87 
gemma2-9b-it ; 37.114654541015625000, 32.637237548828125000, 0.159317016601562500,  ,  1237.94 
gemma2-9b-it ; 36.847930908203125000, 32.462951660156250000, 0.112518310546875000,  ,  1230.91 
gemma2-9b-it ; 36.305923461914062500, 31.982910156250000000, 0.110839843750000000,  ,  1212.31 
gemma2-9b-it ; 35.179733276367187500, 30.987075805664062500, 0.107254028320312500,  ,  1172.28 
gemma2-9b-it ; 47.416915893554687500, 41.431472778320312500, 0.431594848632812500,  ,  1550.02 
gemma2-9b-it ; 47.021972656250000000, 41.261856079101562500, 0.293640136718750000,  ,  1549.16 
gemma2-9b-it ; 56.840011596679687500, 48.450378417968750000, 1.577529907226562500,  ,  1828.14 
gemma2-9b-it ; 64.600128173828125000, 56.385879516601562500, 0.637008666992187500,  ,  2155.18 
gemma2-9b-it ; 51.504547119140625000, 44.632110595703125000, 0.823089599609375000,  ,  1678.17 
gemma2-9b-it ; 39.070159912109375000, 33.945236206054687500, 0.529296875000000000,  ,  1284.92 
gemma2-9b-it ; 37.043991088867187500, 32.529190063476562500, 0.206909179687500000,  ,  1231.82 
gemma2-9b-it ; 37.217239379882812500, 32.620407104492187500, 0.253890991210937500,  ,  1236.02 
gemma2-9b-it ; 38.215881347656250000, 33.422882080078125000, 0.329147338867187500,  ,  1260.11 
gemma2-9b-it ; 59.474716186523437500, 51.921936035156250000, 0.624206542968750000,  ,  1937.68 
gemma2-9b-it ; 41.904083251953125000, 36.916824340820312500, 0.128112792968750000,  ,  1401.33 
gemma2-9b-it ; 39.238159179687500000, 34.504165649414062500, 0.173980712890625000,  ,  1302.35 
gemma2-9b-it ; 36.484725952148437500, 32.074554443359375000, 0.164489746093750000,  ,  1214.74 
gemma2-9b-it ; 36.205718994140625000, 31.886825561523437500, 0.110443115234375000,  ,  1208.07 
gemma2-9b-it ; 49.959732055664062500, 43.725570678710937500, 0.454879760742187500,  ,  1638.38 
gemma2-9b-it ; 38.530364990234375000, 33.814697265625000000, 0.219650268554687500,  ,  1276.82 
gemma2-9b-it ; 35.028167724609375000, 30.858398437500000000, 0.106628417968750000,  ,  1165.98 
gemma2-9b-it ; 55.338867187500000000, 48.754058837890625000, 0.169830322265625000,  ,  1859.03 
gemma2-9b-it ; 47.041824340820312500, 41.431732177734375000, 0.144241333007812500,  ,  1577.01 
gemma2-9b-it ; 47.602172851562500000, 41.643127441406250000, 0.463302612304687500,  ,  1549.91 
gemma2-9b-it ; 60.590759277343750000, 53.182754516601562500, 0.295333862304687500,  ,  2011.54 
gemma2-9b-it ; 45.423873901367187500, 40.017578125000000000, 0.139190673828125000,  ,  1522.04 
gemma2-9b-it ; 36.044479370117187500, 31.747909545898437500, 0.109924316406250000,  ,  1204.4 
gemma2-9b-it ; 35.728454589843750000, 31.477203369140625000, 0.108856201171875000,  ,  1191.68 
gemma2-9b-it ; 47.371902465820312500, 41.370513916015625000, 0.528991699218750000,  ,  1544.55 
gemma2-9b-it ; 50.890319824218750000, 44.682952880859375000, 0.279846191406250000,  ,  1696.26 
gemma2-9b-it ; 61.932067871093750000, 54.531707763671875000, 0.191131591796875000,  ,  2092.64 
gemma2-9b-it ; 66.104782104492187500, 57.351303100585937500, 0.967163085937500000,  ,  2159.38 
gemma2-9b-it ; 62.995483398437500000, 54.116744995117187500, 1.346923828125000000,  ,  2037.44 
gemma2-9b-it ; 63.162628173828125000, 54.818267822265625000, 0.906143188476562500,  ,  2099.85 
gemma2-9b-it ; 51.875991821289062500, 45.222412109375000000, 0.623764038085937500,  ,  1691.89 
gemma2-9b-it ; 36.698699951171875000, 32.161041259765625000, 0.266220092773437500,  ,  1213.66 
gemma2-9b-it ; 36.219970703125000000, 31.789962768554687500, 0.221878051757812500,  ,  1199.93 
gemma2-9b-it ; 35.674621582031250000, 31.316131591796875000, 0.216018676757812500,  ,  1180.48 
gemma2-9b-it ; 35.854263305664062500, 31.410552978515625000, 0.269546508789062500,  ,  1183.45 
gemma2-9b-it ; 44.640762329101562500, 39.033309936523437500, 0.470764160156250000,  ,  1449.87 
gemma2-9b-it ; 65.435089111328125000, 56.629272460937500000, 1.129272460937500000,  ,  2144.36 
gemma2-9b-it ; 52.153366088867187500, 45.511032104492187500, 0.563034057617187500,  ,  1733.57 
gemma2-9b-it ; 43.902923583984375000, 38.463668823242187500, 0.297393798828125000,  ,  1463.25 
gemma2-9b-it ; 38.166275024414062500, 32.903289794921875000, 0.759552001953125000,  ,  1241.39 
gemma2-9b-it ; 55.244369506835937500, 47.060287475585937500, 1.626541137695312500,  ,  1755.53 
gemma2-9b-it ; 38.577285766601562500, 33.583602905273437500, 0.460144042968750000,  ,  1270.92 
gemma2-9b-it ; 43.438339233398437500, 37.507080078125000000, 0.805175781250000000,  ,  1414.93 
gemma2-9b-it ; 64.223266601562500000, 56.400573730468750000, 0.396408081054687500,  ,  2151.17 
gemma2-9b-it ; 61.532272338867187500, 53.721359252929687500, 0.695556640625000000,  ,  2010.72 
gemma2-9b-it ; 37.794448852539062500, 33.056732177734375000, 0.313766479492187500,  ,  1247.92 
gemma2-9b-it ; 40.101776123046875000, 35.158554077148437500, 0.286422729492187500,  ,  1327.89 
gemma2-9b-it ; 54.858581542968750000, 48.176544189453125000, 0.328903198242187500,  ,  1837.83 
gemma2-9b-it ; 37.327636718750000000, 32.693298339843750000, 0.277618408203125000,  ,  1235.28 
gemma2-9b-it ; 50.083694458007812500, 43.734146118164062500, 0.575454711914062500,  ,  1626.87 
gemma2-9b-it ; 55.299087524414062500, 48.390304565429687500, 0.472091674804687500,  ,  1836.67 
gemma2-9b-it ; 54.238906860351562500, 47.586746215820312500, 0.369995117187500000,  ,  1808.37 
gemma2-9b-it ; 63.706878662109375000, 55.925613403320312500, 0.408020019531250000,  ,  2134.44 
gemma2-9b-it ; 68.832092285156250000, 60.009399414062500000, 0.767089843750000000,  ,  2247.67 
gemma2-9b-it ; 63.012939453125000000, 53.971389770507812500, 1.566390991210937500,  ,  2053.67 
gemma2-9b-it ; 53.997161865234375000, 47.371994018554687500, 0.335250854492187500,  ,  1803.2 
gemma2-9b-it ; 44.416885375976562500, 38.949508666992187500, 0.294174194335937500,  ,  1473.4 
gemma2-9b-it ; 57.125839233398437500, 48.771820068359375000, 1.509277343750000000,  ,  1846.53 
gemma2-9b-it ; 38.805267333984375000, 32.890487670898437500, 0.978210449218750000,  ,  1341.07 
gemma2-9b-it ; 39.372665405273437500, 32.301986694335937500, 2.009567260742187500,  ,  1298.96 
gemma2-9b-it ; 39.950408935546875000, 34.157379150390625000, 0.776123046875000000,  ,  1372.72 
gemma2-9b-it ; 32.725097656250000000, 28.614486694335937500, 0.105728149414062500,  ,  1157.03 
gemma2-9b-it ; 34.715332031250000000, 30.331604003906250000, 0.127044677734375000,  ,  1232.37 
gemma2-9b-it ; 48.351852416992187500, 38.355667114257812500, 3.627578735351562500,  ,  1536.52 
gemma2-9b-it ; 34.513275146484375000, 29.441421508789062500, 0.803451538085937500,  ,  1190.12 
gemma2-9b-it ; 39.087860107421875000, 33.475524902343750000, 0.776947021484375000,  ,  1346.55 
gemma2-9b-it ; 39.342117309570312500, 33.856857299804687500, 0.632354736328125000,  ,  1356.36 
gemma2-9b-it ; 34.984542846679687500, 30.400100708007812500, 0.251434326171875000,  ,  1231 
gemma2-9b-it ; 33.593307495117187500, 29.149276733398437500, 0.309524536132812500,  ,  1179.74 
gemma2-9b-it ; 34.119949340820312500, 29.711639404296875000, 0.221878051757812500,  ,  1201.96 
gemma2-9b-it ; 35.202804565429687500, 30.292755126953125000, 0.546737670898437500,  ,  1228.45 
gemma2-9b-it ; 34.304183959960937500, 29.761520385742187500, 0.318267822265625000,  ,  1203.14 
gemma2-9b-it ; 35.413940429687500000, 30.742767333984375000, 0.306503295898437500,  ,  1246.53 
gemma2-9b-it ; 34.823684692382812500, 30.112747192382812500, 0.405441284179687500,  ,  1221.89 
gemma2-9b-it ; 39.943222045898437500, 34.441040039062500000, 0.635894775390625000,  ,  1364.59 
gemma2-9b-it ; 51.402526855468750000, 42.612167358398437500, 2.569488525390625000,  ,  1611.29 
gemma2-9b-it ; 61.147094726562500000, 53.814147949218750000, 0.188476562500000000,  ,  2061.61 
gemma2-9b-it ; 62.308258056640625000, 54.915969848632812500, 0.191848754882812500,  ,  2096.93 
gemma2-9b-it ; 51.080078125000000000, 44.619735717773437500, 0.548583984375000000,  ,  1655.29 
gemma2-9b-it ; 52.213882446289062500, 45.907730102539062500, 0.216064453125000000,  ,  1757.05 
gemma2-9b-it ; 64.210006713867187500, 56.273239135742187500, 0.377395629882812500,  ,  2154.45 
gemma2-9b-it ; 46.177291870117187500, 40.422119140625000000, 0.419403076171875000,  ,  1507 
gemma2-9b-it ; 41.178176879882812500, 36.278717041015625000, 0.125885009765625000,  ,  1377.15 
gemma2-9b-it ; 55.459060668945312500, 48.858139038085937500, 0.170471191406250000,  ,  1864.47 
gemma2-9b-it ; 58.493606567382812500, 51.545654296875000000, 0.179672241210937500,  ,  1965.01 
gemma2-9b-it ; 62.388183593750000000, 52.537429809570312500, 2.338256835937500000,  ,  1966.34 
gemma2-9b-it ; 50.616683959960937500, 42.714370727539062500, 1.791580200195312500,  ,  1621.18 
gemma2-9b-it ; 45.183700561523437500, 38.870010375976562500, 0.964660644531250000,  ,  1469.92 
gemma2-9b-it ; 35.911193847656250000, 31.649047851562500000, 0.109497070312500000,  ,  1197.91 
gemma2-9b-it ; 36.043212890625000000, 31.758193969726562500, 0.110015869140625000,  ,  1203.5 
gemma2-9b-it ; 58.656387329101562500, 51.291000366210937500, 0.598464965820312500,  ,  1916.09 
gemma2-9b-it ; 63.292892456054687500, 55.774856567382812500, 0.194610595703125000,  ,  2130.14 
gemma2-9b-it ; 63.108352661132812500, 55.616119384765625000, 0.194015502929687500,  ,  2123.78 
gemma2-9b-it ; 61.665344238281250000, 54.020965576171875000, 0.504745483398437500,  ,  2030.66 
gemma2-9b-it ; 41.179443359375000000, 36.164108276367187500, 0.233123779296875000,  ,  1370.87 
gemma2-9b-it ; 38.277099609375000000, 33.735336303710937500, 0.116867065429687500,  ,  1278.73 
gemma2-9b-it ; 36.210937500000000000, 31.912048339843750000, 0.110549926757812500,  ,  1210.2 
gemma2-9b-it ; 35.465560913085937500, 31.262359619140625000, 0.107955932617187500,  ,  1181.28 
gemma2-9b-it ; 37.681945800781250000, 33.077285766601562500, 0.236587524414062500,  ,  1249.12 
gemma2-9b-it ; 54.780822753906250000, 48.043594360351562500, 0.425109863281250000,  ,  1794.45 
gemma2-9b-it ; 36.365036010742187500, 32.050384521484375000, 0.110885620117187500,  ,  1213.4 
gemma2-9b-it ; 35.164199829101562500, 30.983184814453125000, 0.120376586914062500,  ,  1169.71 
gemma2-9b-it ; 35.946212768554687500, 31.679901123046875000, 0.109695434570312500,  ,  1199.74 
gemma2-9b-it ; 46.090942382812500000, 40.623992919921875000, 0.141510009765625000,  ,  1547.85 
gemma2-9b-it ; 62.085754394531250000, 54.341339111328125000, 0.563186645507812500,  ,  2037.72 
gemma2-9b-it ; 45.935440063476562500, 40.508316040039062500, 0.139419555664062500,  ,  1524.83 
gemma2-9b-it ; 35.885269165039062500, 31.625213623046875000, 0.109512329101562500,  ,  1198.52 
gemma2-9b-it ; 35.121902465820312500, 30.955963134765625000, 0.106979370117187500,  ,  1170.11 
gemma2-9b-it ; 34.972976684570312500, 30.825149536132812500, 0.106567382812500000,  ,  1164.51 
gemma2-9b-it ; 60.646697998046875000, 52.902740478515625000, 0.689056396484375000,  ,  1974.38 
gemma2-9b-it ; 38.218292236328125000, 33.680664062500000000, 0.116622924804687500,  ,  1276.66 
gemma2-9b-it ; 38.052139282226562500, 33.537521362304687500, 0.116119384765625000,  ,  1270.98 
gemma2-9b-it ; 35.766876220703125000, 31.525863647460937500, 0.108917236328125000,  ,  1190.93 
gemma2-9b-it ; 36.167465209960937500, 31.877151489257812500, 0.110366821289062500,  ,  1206.93 
gemma2-9b-it ; 41.336593627929687500, 36.235443115234375000, 0.325988769531250000,  ,  1355.88 
gemma2-9b-it ; 60.844314575195312500, 50.735885620117187500, 2.744140625000000000,  ,  1901.68 
gemma2-9b-it ; 48.040786743164062500, 39.724655151367187500, 2.474761962890625000,  ,  1505.02 
gemma2-9b-it ; 35.914657592773437500, 31.654327392578125000, 0.109283447265625000,  ,  1196.35 
gemma2-9b-it ; 42.516143798828125000, 36.517044067382812500, 0.947906494140625000,  ,  1384.19 
gemma2-9b-it ; 47.711212158203125000, 41.862457275390625000, 0.362426757812500000,  ,  1555.3 
gemma2-9b-it ; 65.691085815429687500, 57.680145263671875000, 0.357604980468750000,  ,  2189.55 
gemma2-9b-it ; 62.979461669921875000, 55.472717285156250000, 0.193267822265625000,  ,  2115.96 
gemma2-9b-it ; 62.961639404296875000, 55.205673217773437500, 0.456344604492187500,  ,  2086.48 
gemma2-9b-it ; 41.113983154296875000, 36.099197387695312500, 0.228713989257812500,  ,  1366.72 
gemma2-9b-it ; 35.838073730468750000, 31.584426879882812500, 0.109268188476562500,  ,  1194.97 
gemma2-9b-it ; 35.740127563476562500, 31.494567871093750000, 0.108978271484375000,  ,  1192.4 
gemma2-9b-it ; 35.755935668945312500, 31.512237548828125000, 0.108917236328125000,  ,  1191.79 
gemma2-9b-it ; 36.191665649414062500, 31.901611328125000000, 0.110290527343750000,  ,  1206.37 
gemma2-9b-it ; 50.935791015625000000, 44.666030883789062500, 0.438278198242187500,  ,  1658.37 
gemma2-9b-it ; 68.674346923828125000, 60.391479492187500000, 0.310760498046875000,  ,  2232.85 
gemma2-9b-it ; 62.146545410156250000, 54.724380493164062500, 0.189468383789062500,  ,  2071.79 
gemma2-9b-it ; 62.133163452148437500, 54.641052246093750000, 0.188705444335937500,  ,  2065 
gemma2-9b-it ; 62.971557617187500000, 55.008438110351562500, 0.630187988281250000,  ,  2046.8 
gemma2-9b-it ; 62.634078979492187500, 55.185256958007812500, 0.192367553710937500,  ,  2105.82 
gemma2-9b-it ; 63.049057006835937500, 55.575927734375000000, 0.193740844726562500,  ,  2120.74 
gemma2-9b-it ; 64.593276977539062500, 56.531082153320312500, 0.594802856445312500,  ,  2117.96 
gemma2-9b-it ; 65.133926391601562500, 56.211349487304687500, 1.204483032226562500,  ,  2152.09 
gemma2-9b-it ; 58.862899780273437500, 48.448242187500000000, 3.179351806640625000,  ,  1838.41 
gemma2-9b-it ; 63.690567016601562500, 52.916778564453125000, 3.109069824218750000,  ,  1978.24 
gemma2-9b-it ; 64.592361450195312500, 56.543197631835937500, 0.521987915039062500,  ,  2158.97 
gemma2-9b-it ; 65.977951049804687500, 55.034683227539062500, 2.914688110351562500,  ,  2093.31 
gemma2-9b-it ; 64.665863037109375000, 56.689178466796875000, 0.502456665039062500,  ,  2136.4 
gemma2-9b-it ; 63.338287353515625000, 55.790039062500000000, 0.194656372070312500,  ,  2130.76 
gemma2-9b-it ; 65.703079223632812500, 57.570083618164062500, 0.472152709960937500,  ,  2160.79 
gemma2-9b-it ; 46.945419311523437500, 41.343154907226562500, 0.144149780273437500,  ,  1577.84 
gemma2-9b-it ; 36.195098876953125000, 31.881195068359375000, 0.110183715820312500,  ,  1205.73 
gemma2-9b-it ; 37.789840698242187500, 33.149902343750000000, 0.227523803710937500,  ,  1248.46 
gemma2-9b-it ; 49.583175659179687500, 43.470230102539062500, 0.417144775390625000,  ,  1613.71 
gemma2-9b-it ; 36.524871826171875000, 32.172134399414062500, 0.111099243164062500,  ,  1216 
gemma2-9b-it ; 37.422958374023437500, 32.967453002929687500, 0.114044189453125000,  ,  1248.31 
gemma2-9b-it ; 55.823913574218750000, 49.026611328125000000, 0.285095214843750000,  ,  1872.47 
gemma2-9b-it ; 63.888916015625000000, 56.060531616210937500, 0.454895019531250000,  ,  2112.03 
gemma2-9b-it ; 63.112854003906250000, 55.448150634765625000, 0.297500610351562500,  ,  2128.14 
gemma2-9b-it ; 63.795303344726562500, 56.006042480468750000, 0.446563720703125000,  ,  2104.99 
gemma2-9b-it ; 61.684616088867187500, 54.318588256835937500, 0.190948486328125000,  ,  2087.41 
gemma2-9b-it ; 63.385391235351562500, 55.501663208007812500, 0.569595336914062500,  ,  2080.93 
gemma2-9b-it ; 61.616561889648437500, 54.183273315429687500, 0.190536499023437500,  ,  2087.06 
gemma2-9b-it ; 64.413772583007812500, 56.441787719726562500, 0.517318725585937500,  ,  2126.23 
gemma2-9b-it ; 62.796554565429687500, 55.270812988281250000, 0.245361328125000000,  ,  2115.51 
gemma2-9b-it ; 61.924835205078125000, 54.411163330078125000, 0.304016113281250000,  ,  2078.87 
gemma2-9b-it ; 64.044281005859375000, 56.329711914062500000, 0.350250244140625000,  ,  2123.15 
gemma2-9b-it ; 63.008300781250000000, 55.467742919921875000, 0.195053100585937500,  ,  2132.86 
gemma2-9b-it ; 55.305923461914062500, 48.320571899414062500, 0.554092407226562500,  ,  1799.89 
gemma2-9b-it ; 37.096542358398437500, 32.693298339843750000, 0.113128662109375000,  ,  1238.34 
gemma2-9b-it ; 36.051605224609375000, 31.774948120117187500, 0.109634399414062500,  ,  1200.14 
gemma2-9b-it ; 35.595718383789062500, 31.373123168945312500, 0.108367919921875000,  ,  1186.17 
gemma2-9b-it ; 38.326995849609375000, 33.644287109375000000, 0.227127075195312500,  ,  1268.49 
gemma2-9b-it ; 49.903839111328125000, 43.771942138671875000, 0.408767700195312500,  ,  1622.59 
gemma2-9b-it ; 59.125366210937500000, 52.080078125000000000, 0.182250976562500000,  ,  1995.19 
gemma2-9b-it ; 64.652816772460937500, 56.842163085937500000, 0.295227050781250000,  ,  2166.01 
gemma2-9b-it ; 64.830291748046875000, 56.953765869140625000, 0.427764892578125000,  ,  2137.8 
gemma2-9b-it ; 40.476669311523437500, 35.591125488281250000, 0.191680908203125000,  ,  1342.64 
gemma2-9b-it ; 42.310943603515625000, 37.148025512695312500, 0.234008789062500000,  ,  1405.52 
gemma2-9b-it ; 35.575134277343750000, 31.349914550781250000, 0.108367919921875000,  ,  1185.58 
gemma2-9b-it ; 35.037353515625000000, 30.884948730468750000, 0.106536865234375000,  ,  1165.73 
gemma2-9b-it ; 46.599578857421875000, 40.433395385742187500, 0.560195922851562500,  ,  1573.7 
gemma2-9b-it ; 33.867263793945312500, 29.490722656250000000, 0.213073730468750000,  ,  1197.34 
gemma2-9b-it ; 35.663848876953125000, 31.218521118164062500, 0.114761352539062500,  ,  1254.54 
gemma2-9b-it ; 32.786254882812500000, 28.667480468750000000, 0.106445312500000000,  ,  1165.52 
gemma2-9b-it ; 33.688705444335937500, 29.453399658203125000, 0.109069824218750000,  ,  1193.79 
gemma2-9b-it ; 34.702178955078125000, 30.214080810546875000, 0.216598510742187500,  ,  1224.34 
gemma2-9b-it ; 32.643692016601562500, 28.544937133789062500, 0.106033325195312500,  ,  1159.37 
gemma2-9b-it ; 33.135498046875000000, 28.972747802734375000, 0.107589721679687500,  ,  1177.82 
gemma2-9b-it ; 32.766937255859375000, 28.647338867187500000, 0.106384277343750000,  ,  1163.19 
gemma2-9b-it ; 33.157821655273437500, 28.989532470703125000, 0.107727050781250000,  ,  1178.61 
gemma2-9b-it ; 33.418731689453125000, 29.244796752929687500, 0.108520507812500000,  ,  1187.6 
gemma2-9b-it ; 38.256210327148437500, 32.391143798828125000, 1.035278320312500000,  ,  1309.91 
gemma2-9b-it ; 38.062561035156250000, 31.189727783203125000, 1.991134643554687500,  ,  1261.59 
gemma2-9b-it ; 35.873870849609375000, 31.050491333007812500, 0.277603149414062500,  ,  1302.03 
gemma2-9b-it ; 33.708969116210937500, 29.475097656250000000, 0.109237670898437500,  ,  1194.88 
gemma2-9b-it ; 32.945053100585937500, 28.811264038085937500, 0.106918334960937500,  ,  1168.91 
gemma2-9b-it ; 35.890182495117187500, 30.740066528320312500, 0.703598022460937500,  ,  1245.81 
gemma2-9b-it ; 36.167816162109375000, 31.136703491210937500, 0.550567626953125000,  ,  1257.12 
gemma2-9b-it ; 33.880004882812500000, 29.615371704101562500, 0.109863281250000000,  ,  1203.03 
gemma2-9b-it ; 33.024185180664062500, 28.869949340820312500, 0.107299804687500000,  ,  1173.49 
gemma2-9b-it ; 33.029037475585937500, 28.878082275390625000, 0.107284545898437500,  ,  1174.17 
gemma2-9b-it ; 37.130371093750000000, 32.073104858398437500, 0.441955566406250000,  ,  1290.08 
gemma2-9b-it ; 33.791412353515625000, 29.308212280273437500, 0.320877075195312500,  ,  1187.92 
gemma2-9b-it ; 35.160140991210937500, 30.263229370117187500, 0.533447265625000000,  ,  1228 
gemma2-9b-it ; 34.111618041992187500, 29.702194213867187500, 0.220153808593750000,  ,  1204.14 
gemma2-9b-it ; 32.597076416015625000, 28.493331909179687500, 0.105789184570312500,  ,  1157.11 
gemma2-9b-it ; 34.337936401367187500, 29.787780761718750000, 0.312408447265625000,  ,  1209.23 
gemma2-9b-it ; 35.401046752929687500, 30.642257690429687500, 0.379669189453125000,  ,  1241.62 
gemma2-9b-it ; 35.350631713867187500, 30.422332763671875000, 0.557434082031250000,  ,  1233.02 
gemma2-9b-it ; 56.353652954101562500, 49.296691894531250000, 0.425552368164062500,  ,  1896.24 
gemma2-9b-it ; 64.179565429687500000, 56.541030883789062500, 0.196990966796875000,  ,  2155.64 
gemma2-9b-it ; 44.185119628906250000, 38.923355102539062500, 0.135452270507812500,  ,  1482.52 
gemma2-9b-it ; 56.848144531250000000, 50.092285156250000000, 0.174682617187500000,  ,  1911.1 
gemma2-9b-it ; 60.856918334960937500, 50.598297119140625000, 2.957382202148437500,  ,  1883.51 
gemma2-9b-it ; 54.866333007812500000, 47.631683349609375000, 0.818481445312500000,  ,  1813.23 
gemma2-9b-it ; 61.586898803710937500, 54.195495605468750000, 0.190338134765625000,  ,  2082.67 
gemma2-9b-it ; 71.500000000000000000, 59.680221557617187500, 3.233856201171875000,  ,  2230.3 
gemma2-9b-it ; 53.465881347656250000, 47.108489990234375000, 0.163864135742187500,  ,  1794.02 
gemma2-9b-it ; 40.919845581054687500, 36.053253173828125000, 0.125152587890625000,  ,  1370.19 
gemma2-9b-it ; 34.937850952148437500, 30.792648315429687500, 0.106384277343750000,  ,  1164.42 
gemma2-9b-it ; 38.287338256835937500, 33.712585449218750000, 0.131561279296875000,  ,  1279.81 
gemma2-9b-it ; 58.199310302734375000, 48.002792358398437500, 3.152069091796875000,  ,  1786.32 
gemma2-9b-it ; 35.685195922851562500, 31.374298095703125000, 0.168930053710937500,  ,  1186.49 
gemma2-9b-it ; 36.871978759765625000, 32.492965698242187500, 0.112472534179687500,  ,  1230.98 
gemma2-9b-it ; 35.904266357421875000, 31.633178710937500000, 0.109359741210937500,  ,  1195.99 
gemma2-9b-it ; 38.266372680664062500, 33.756866455078125000, 0.115524291992187500,  ,  1264.84 
gemma2-9b-it ; 37.264343261718750000, 32.836334228515625000, 0.113250732421875000,  ,  1240.72 
gemma2-9b-it ; 69.364242553710937500, 57.626846313476562500, 3.354507446289062500,  ,  2156.44 
gemma2-9b-it ; 60.144622802734375000, 53.004867553710937500, 0.184936523437500000,  ,  2022.51 
gemma2-9b-it ; 63.200439453125000000, 55.555984497070312500, 0.304428100585937500,  ,  2115.41 
gemma2-9b-it ; 58.989685058593750000, 51.979583740234375000, 0.181198120117187500,  ,  1981.58 
gemma2-9b-it ; 68.300109863281250000, 56.840316772460937500, 3.252334594726562500,  ,  2122.66 
gemma2-9b-it ; 63.095291137695312500, 55.488174438476562500, 0.253295898437500000,  ,  2131.88 
gemma2-9b-it ; 70.264968872070312500, 59.164215087890625000, 2.659454345703125000,  ,  2238.94 
gemma2-9b-it ; 64.436462402343750000, 52.845672607421875000, 3.773391723632812500,  ,  1971.97 
gemma2-9b-it ; 60.720764160156250000, 53.491958618164062500, 0.197097778320312500,  ,  2041.03 
gemma2-9b-it ; 62.833770751953125000, 55.363906860351562500, 0.193115234375000000,  ,  2112.94 
gemma2-9b-it ; 65.500244140625000000, 56.089706420898437500, 1.711791992187500000,  ,  2105.03 
gemma2-9b-it ; 43.856567382812500000, 37.137390136718750000, 1.474044799804687500,  ,  1395.75 
gemma2-9b-it ; 36.068313598632812500, 31.781036376953125000, 0.109924316406250000,  ,  1202.38 
gemma2-9b-it ; 37.817184448242187500, 33.330429077148437500, 0.115249633789062500,  ,  1262.34 
gemma2-9b-it ; 36.233581542968750000, 31.928161621093750000, 0.110504150390625000,  ,  1208.26 
gemma2-9b-it ; 36.192504882812500000, 31.896636962890625000, 0.110382080078125000,  ,  1208.72 
gemma2-9b-it ; 54.338119506835937500, 45.904983520507812500, 2.008346557617187500,  ,  1705.47 
gemma2-9b-it ; 66.021530151367187500, 56.771911621093750000, 1.376068115234375000,  ,  2171.97 
gemma2-9b-it ; 65.014358520507812500, 56.554412841796875000, 0.719314575195312500,  ,  2167.17 
gemma2-9b-it ; 68.862258911132812500, 57.934082031250000000, 2.698852539062500000,  ,  2177.26 
gemma2-9b-it ; 56.973602294921875000, 50.198654174804687500, 0.174880981445312500,  ,  1912.34 
gemma2-9b-it ; 64.485977172851562500, 56.344848632812500000, 0.601928710937500000,  ,  2154.1 
gemma2-9b-it ; 54.067169189453125000, 44.915359497070312500, 2.677459716796875000,  ,  1667.6 
gemma2-9b-it ; 36.495178222656250000, 32.148925781250000000, 0.111328125000000000,  ,  1216.61 
gemma2-9b-it ; 44.839797973632812500, 39.527435302734375000, 0.136825561523437500,  ,  1496.84 
gemma2-9b-it ; 63.496856689453125000, 55.937835693359375000, 0.195007324218750000,  ,  2133.13 
gemma2-9b-it ; 72.899887084960937500, 61.194992065429687500, 3.021224975585937500,  ,  2290.39 
gemma2-9b-it ; 62.955352783203125000, 55.362686157226562500, 0.283233642578125000,  ,  2111.96 
gemma2-9b-it ; 50.473449707031250000, 44.483886718750000000, 0.154541015625000000,  ,  1690.87 
gemma2-9b-it ; 66.085174560546875000, 58.247268676757812500, 0.202209472656250000,  ,  2212.73 
gemma2-9b-it ; 73.969528198242187500, 61.786056518554687500, 3.211441040039062500,  ,  2303.7 
gemma2-9b-it ; 63.341430664062500000, 55.804779052734375000, 0.194625854492187500,  ,  2130.34 
gemma2-9b-it ; 59.503982543945312500, 52.445526123046875000, 0.182586669921875000,  ,  1996.54 
gemma2-9b-it ; 41.179855346679687500, 36.308425903320312500, 0.124572753906250000,  ,  1363.19 
gemma2-9b-it ; 59.615417480468750000, 49.590393066406250000, 2.877517700195312500,  ,  1838.67 
gemma2-9b-it ; 38.103820800781250000, 33.188552856445312500, 0.477203369140625000,  ,  1255.73 
gemma2-9b-it ; 36.915145874023437500, 32.528854370117187500, 0.112762451171875000,  ,  1233.67 
gemma2-9b-it ; 50.536392211914062500, 44.537109375000000000, 0.154815673828125000,  ,  1694.81 
gemma2-9b-it ; 59.026168823242187500, 51.999420166015625000, 0.181289672851562500,  ,  1984.14 
gemma2-9b-it ; 63.166946411132812500, 52.335861206054687500, 3.244247436523437500,  ,  1946.29 
gemma2-9b-it ; 41.455688476562500000, 36.498962402343750000, 0.137512207031250000,  ,  1387.71 
gemma2-9b-it ; 36.653549194335937500, 32.322357177734375000, 0.111831665039062500,  ,  1221.89 
gemma2-9b-it ; 36.147079467773437500, 31.851333618164062500, 0.110214233398437500,  ,  1206.53 
gemma2-9b-it ; 41.034515380859375000, 36.045623779296875000, 0.216125488281250000,  ,  1361.28 
gemma2-9b-it ; 66.287155151367187500, 55.027389526367187500, 3.332458496093750000,  ,  2052.21 
gemma2-9b-it ; 36.908905029296875000, 32.441223144531250000, 0.178131103515625000,  ,  1226.07 
gemma2-9b-it ; 35.358001708984375000, 31.141189575195312500, 0.107330322265625000,  ,  1174.36 
gemma2-9b-it ; 38.137023925781250000, 33.454223632812500000, 0.225799560546875000,  ,  1259.24 
gemma2-9b-it ; 35.088104248046875000, 30.910751342773437500, 0.106491088867187500,  ,  1165.47 
gemma2-9b-it ; 36.219314575195312500, 31.892837524414062500, 0.110290527343750000,  ,  1205.71 
gemma2-9b-it ; 59.192810058593750000, 49.161453247070312500, 2.931396484375000000,  ,  1815.33 
gemma2-9b-it ; 60.327575683593750000, 52.701110839843750000, 0.617111206054687500,  ,  2008.93 
gemma2-9b-it ; 63.303955078125000000, 55.799957275390625000, 0.194610595703125000,  ,  2130.03 
gemma2-9b-it ; 63.741012573242187500, 56.176956176757812500, 0.196441650390625000,  ,  2148.92 
gemma2-9b-it ; 73.582412719726562500, 61.337783813476562500, 3.349227905273437500,  ,  2299.21 
gemma2-9b-it ; 63.264038085937500000, 55.754119873046875000, 0.194976806640625000,  ,  2131.49 
gemma2-9b-it ; 58.684036254882812500, 51.729629516601562500, 0.180480957031250000,  ,  1974.61 
gemma2-9b-it ; 62.278060913085937500, 54.249526977539062500, 0.765548706054687500,  ,  2068.24 
gemma2-9b-it ; 69.958999633789062500, 58.857864379882812500, 2.769577026367187500,  ,  2200.34 
gemma2-9b-it ; 62.760025024414062500, 55.253662109375000000, 0.194229125976562500,  ,  2126.04 
gemma2-9b-it ; 56.838363647460937500, 49.495620727539062500, 0.685653686523437500,  ,  1889.99 
gemma2-9b-it ; 59.974426269531250000, 49.982742309570312500, 2.794784545898437500,  ,  1860.47 
gemma2-9b-it ; 36.518249511718750000, 32.177505493164062500, 0.111373901367187500,  ,  1217.9 
gemma2-9b-it ; 53.536499023437500000, 47.175460815429687500, 0.164169311523437500,  ,  1796.27 
gemma2-9b-it ; 64.942230224609375000, 57.222763061523437500, 0.199539184570312500,  ,  2184.4 
gemma2-9b-it ; 71.446472167968750000, 59.517013549804687500, 3.365432739257812500,  ,  2223.18 
gemma2-9b-it ; 42.781906127929687500, 37.601455688476562500, 0.195495605468750000,  ,  1429.38 
gemma2-9b-it ; 47.753204345703125000, 42.056869506835937500, 0.146591186523437500,  ,  1603.51 
gemma2-9b-it ; 63.315811157226562500, 54.399475097656250000, 1.502319335937500000,  ,  2040.82 
gemma2-9b-it ; 55.981185913085937500, 47.222518920898437500, 2.043334960937500000,  ,  1783.64 
gemma2-9b-it ; 38.869979858398437500, 34.250564575195312500, 0.118713378906250000,  ,  1298.74 
gemma2-9b-it ; 36.008926391601562500, 31.730316162109375000, 0.109802246093750000,  ,  1201.72 
gemma2-9b-it ; 36.212692260742187500, 31.907989501953125000, 0.110626220703125000,  ,  1209.04 
gemma2-9b-it ; 36.053848266601562500, 31.774353027343750000, 0.109909057617187500,  ,  1202.46 
gemma2-9b-it ; 66.533462524414062500, 55.194290161132812500, 3.231353759765625000,  ,  2062.66 
gemma2-9b-it ; 38.788635253906250000, 34.202728271484375000, 0.118515014648437500,  ,  1295.52 
gemma2-9b-it ; 35.550781250000000000, 31.325134277343750000, 0.108398437500000000,  ,  1185.71 
gemma2-9b-it ; 35.541320800781250000, 31.336227416992187500, 0.108062744140625000,  ,  1181.8 
gemma2-9b-it ; 37.727554321289062500, 33.239166259765625000, 0.115325927734375000,  ,  1261.82 
gemma2-9b-it ; 38.301055908203125000, 33.748794555664062500, 0.116943359375000000,  ,  1280.03 
gemma2-9b-it ; 65.642745971679687500, 54.291671752929687500, 3.453063964843750000,  ,  2025.63 
gemma2-9b-it ; 34.833831787109375000, 30.695388793945312500, 0.106002807617187500,  ,  1159.77 
gemma2-9b-it ; 35.697555541992187500, 31.457443237304687500, 0.108840942382812500,  ,  1190.51 
gemma2-9b-it ; 38.308029174804687500, 33.759002685546875000, 0.116867065429687500,  ,  1279.37 
gemma2-9b-it ; 35.499343872070312500, 31.285171508789062500, 0.107971191406250000,  ,  1181.67 
gemma2-9b-it ; 36.731658935546875000, 32.361236572265625000, 0.111389160156250000,  ,  1219.02 
gemma2-9b-it ; 62.203857421875000000, 51.400192260742187500, 3.353652954101562500,  ,  1907.51 
gemma2-9b-it ; 55.889221191406250000, 49.206634521484375000, 0.172164916992187500,  ,  1883.88 
gemma2-9b-it ; 36.357986450195312500, 32.022583007812500000, 0.110107421875000000,  ,  1205.49 
gemma2-9b-it ; 39.578201293945312500, 34.745635986328125000, 0.222747802734375000,  ,  1305.5 
gemma2-9b-it ; 38.637542724609375000, 33.588821411132812500, 0.510086059570312500,  ,  1266.72 
gemma2-9b-it ; 56.497879028320312500, 47.221649169921875000, 2.509216308593750000,  ,  1744.45 
gemma2-9b-it ; 38.036636352539062500, 33.416976928710937500, 0.170959472656250000,  ,  1258.56 
gemma2-9b-it ; 36.582550048828125000, 32.143951416015625000, 0.166427612304687500,  ,  1213.47 
gemma2-9b-it ; 54.203918457031250000, 43.779571533203125000, 3.340957641601562500,  ,  1766.97 
gemma2-9b-it ; 33.153762817382812500, 28.974121093750000000, 0.117187500000000000,  ,  1175.89 
gemma2-9b-it ; 34.081344604492187500, 29.668258666992187500, 0.220993041992187500,  ,  1199.63 
gemma2-9b-it ; 32.920318603515625000, 28.782608032226562500, 0.106704711914062500,  ,  1166.95 
gemma2-9b-it ; 32.767898559570312500, 28.650314331054687500, 0.106063842773437500,  ,  1160.16 
gemma2-9b-it ; 33.124679565429687500, 28.961929321289062500, 0.107513427734375000,  ,  1176.4 
gemma2-9b-it ; 32.563140869140625000, 28.472137451171875000, 0.105499267578125000,  ,  1155.07 
gemma2-9b-it ; 33.895797729492187500, 29.634506225585937500, 0.110198974609375000,  ,  1204.29 
gemma2-9b-it ; 33.353332519531250000, 29.176803588867187500, 0.108688354492187500,  ,  1187.6 
gemma2-9b-it ; 33.816268920898437500, 29.544464111328125000, 0.125839233398437500,  ,  1203.49 
gemma2-9b-it ; 33.721405029296875000, 29.478363037109375000, 0.109664916992187500,  ,  1200.21 
gemma2-9b-it ; 33.617599487304687500, 29.388931274414062500, 0.109252929687500000,  ,  1195.51 
gemma2-9b-it ; 34.213409423828125000, 29.909042358398437500, 0.111404418945312500,  ,  1219.52 
gemma2-9b-it ; 33.374679565429687500, 29.184143066406250000, 0.108383178710937500,  ,  1185.47 
gemma2-9b-it ; 34.390777587890625000, 30.070480346679687500, 0.111831665039062500,  ,  1223.57 
gemma2-9b-it ; 35.190444946289062500, 30.792083740234375000, 0.113800048828125000,  ,  1244.45 
gemma2-9b-it ; 33.276809692382812500, 29.092926025390625000, 0.108154296875000000,  ,  1183.73 
gemma2-9b-it ; 32.844100952148437500, 28.711105346679687500, 0.106719970703125000,  ,  1168.06 
gemma2-9b-it ; 32.593673706054687500, 28.496200561523437500, 0.105667114257812500,  ,  1156.94 
gemma2-9b-it ; 35.743316650390625000, 31.280426025390625000, 0.114974975585937500,  ,  1258.56 
gemma2-9b-it ; 33.075454711914062500, 28.925292968750000000, 0.107345581054687500,  ,  1174.24 
gemma2-9b-it ; 32.341796875000000000, 28.282608032226562500, 0.104858398437500000,  ,  1147.81 
gemma2-9b-it ; 33.532394409179687500, 29.315994262695312500, 0.109039306640625000,  ,  1193.2 
gemma2-9b-it ; 32.917190551757812500, 28.779678344726562500, 0.106903076171875000,  ,  1169.64 
gemma2-9b-it ; 34.400878906250000000, 30.066192626953125000, 0.112075805664062500,  ,  1226.9 
gemma2-9b-it ; 32.977676391601562500, 28.835510253906250000, 0.107070922851562500,  ,  1171.17 
gemma2-9b-it ; 32.910949707031250000, 28.778106689453125000, 0.106903076171875000,  ,  1169.44 
gemma2-9b-it ; 34.169357299804687500, 29.872680664062500000, 0.111328125000000000,  ,  1218.52 
gemma2-9b-it ; 33.268875122070312500, 29.083343505859375000, 0.108322143554687500,  ,  1183.98 
gemma2-9b-it ; 33.156097412109375000, 28.985702514648437500, 0.107772827148437500,  ,  1179.78 
gemma2-9b-it ; 33.191955566406250000, 29.024658203125000000, 0.107696533203125000,  ,  1178.3 
gemma2-9b-it ; 33.752075195312500000, 29.503768920898437500, 0.109802246093750000,  ,  1200.99 
gemma2-9b-it ; 33.457992553710937500, 29.255538940429687500, 0.108688354492187500,  ,  1190.27 
gemma2-9b-it ; 33.798400878906250000, 29.541152954101562500, 0.109619140625000000,  ,  1198.77 
gemma2-9b-it ; 33.739898681640625000, 29.361572265625000000, 0.228012084960937500,  ,  1194.04 
gemma2-9b-it ; 33.473922729492187500, 29.264312744140625000, 0.108901977539062500,  ,  1191.23 
gemma2-9b-it ; 33.361358642578125000, 29.164566040039062500, 0.108566284179687500,  ,  1187.16 
gemma2-9b-it ; 33.372848510742187500, 29.175460815429687500, 0.108703613281250000,  ,  1189.1 
gemma2-9b-it ; 33.777893066406250000, 29.537429809570312500, 0.109786987304687500,  ,  1201.9 
gemma2-9b-it ; 33.685836791992187500, 29.453247070312500000, 0.109542846679687500,  ,  1198.55 
gemma2-9b-it ; 32.858673095703125000, 28.734237670898437500, 0.106750488281250000,  ,  1168 
gemma2-9b-it ; 32.846069335937500000, 28.721130371093750000, 0.106689453125000000,  ,  1167.49 
gemma2-9b-it ; 32.562362670898437500, 28.479446411132812500, 0.105728149414062500,  ,  1156.16 
gemma2-9b-it ; 33.265106201171875000, 29.093185424804687500, 0.107849121093750000,  ,  1181.39 
gemma2-9b-it ; 33.148010253906250000, 28.973648071289062500, 0.108001708984375000,  ,  1181.47 
gemma2-9b-it ; 32.769409179687500000, 28.657714843750000000, 0.106307983398437500,  ,  1162.61 
gemma2-9b-it ; 33.958541870117187500, 29.696899414062500000, 0.110351562500000000,  ,  1206.47 
gemma2-9b-it ; 34.556167602539062500, 30.206726074218750000, 0.112670898437500000,  ,  1232.26 
gemma2-9b-it ; 33.288406372070312500, 29.102981567382812500, 0.108261108398437500,  ,  1182.03 
gemma2-9b-it ; 33.076873779296875000, 28.927505493164062500, 0.107452392578125000,  ,  1175.02 
gemma2-9b-it ; 32.870193481445312500, 28.748504638671875000, 0.106842041015625000,  ,  1167.87 
gemma2-9b-it ; 32.646484375000000000, 28.554550170898437500, 0.105972290039062500,  ,  1158.91 
gemma2-9b-it ; 33.335311889648437500, 29.152832031250000000, 0.108322143554687500,  ,  1184.34 
gemma2-9b-it ; 33.376968383789062500, 29.197143554687500000, 0.108520507812500000,  ,  1186.92 
gemma2-9b-it ; 32.519943237304687500, 28.442245483398437500, 0.105590820312500000,  ,  1154.53 
gemma2-9b-it ; 33.357330322265625000, 29.179092407226562500, 0.108276367187500000,  ,  1184.91 
gemma2-9b-it ; 33.101104736328125000, 28.951797485351562500, 0.107467651367187500,  ,  1175.04 
gemma2-9b-it ; 34.024963378906250000, 29.763702392578125000, 0.110839843750000000,  ,  1212.63 
gemma2-9b-it ; 32.602249145507812500, 28.499954223632812500, 0.105667114257812500,  ,  1156.13 
gemma2-9b-it ; 32.940704345703125000, 28.796447753906250000, 0.123291015625000000,  ,  1169.44 
gemma2-9b-it ; 32.577194213867187500, 28.495956420898437500, 0.105880737304687500,  ,  1157.4 
gemma2-9b-it ; 33.277297973632812500, 29.104537963867187500, 0.108032226562500000,  ,  1181.33 
gemma2-9b-it ; 33.610122680664062500, 29.396560668945312500, 0.109115600585937500,  ,  1193.23 
gemma2-9b-it ; 33.696670532226562500, 29.467773437500000000, 0.109497070312500000,  ,  1199.14 
gemma2-9b-it ; 33.352844238281250000, 29.187133789062500000, 0.107971191406250000,  ,  1181.56 
gemma2-9b-it ; 33.360824584960937500, 29.174468994140625000, 0.108413696289062500,  ,  1184.23 
gemma2-9b-it ; 34.154632568359375000, 29.866958618164062500, 0.111221313476562500,  ,  1216.57 
gemma2-9b-it ; 33.270919799804687500, 29.102676391601562500, 0.108276367187500000,  ,  1182.68 
gemma2-9b-it ; 32.452407836914062500, 28.386337280273437500, 0.105316162109375000,  ,  1151.61 
gemma2-9b-it ; 32.558654785156250000, 28.476470947265625000, 0.105758666992187500,  ,  1156.14 
gemma2-9b-it ; 36.075195312500000000, 31.578323364257812500, 0.116210937500000000,  ,  1271.02 
gemma2-9b-it ; 33.828491210937500000, 29.575790405273437500, 0.110229492187500000,  ,  1204.29 
gemma2-9b-it ; 34.134841918945312500, 29.853057861328125000, 0.111083984375000000,  ,  1215.34 
gemma2-9b-it ; 33.131423950195312500, 28.985198974609375000, 0.107498168945312500,  ,  1176.46 
gemma2-9b-it ; 33.257049560546875000, 29.082992553710937500, 0.108154296875000000,  ,  1181.64 
gemma2-9b-it ; 33.433853149414062500, 29.236236572265625000, 0.108810424804687500,  ,  1189.79 
gemma2-9b-it ; 34.260070800781250000, 29.963562011718750000, 0.110778808593750000,  ,  1212.52 
gemma2-9b-it ; 34.474533081054687500, 30.010253906250000000, 0.230056762695312500,  ,  1219.95 
gemma2-9b-it ; 32.925628662109375000, 28.799148559570312500, 0.106811523437500000,  ,  1168.91 
gemma2-9b-it ; 32.470947265625000000, 28.395553588867187500, 0.105361938476562500,  ,  1152.28 
gemma2-9b-it ; 33.292282104492187500, 29.115188598632812500, 0.108123779296875000,  ,  1183.49 
gemma2-9b-it ; 33.188415527343750000, 29.022918701171875000, 0.107940673828125000,  ,  1180.47 
gemma2-9b-it ; 33.809295654296875000, 29.567535400390625000, 0.109924316406250000,  ,  1202.46 
gemma2-9b-it ; 32.906738281250000000, 28.779434204101562500, 0.106750488281250000,  ,  1167.18 
gemma2-9b-it ; 33.105316162109375000, 28.949371337890625000, 0.107528686523437500,  ,  1177.35 
gemma2-9b-it ; 33.468704223632812500, 29.266418457031250000, 0.109024047851562500,  ,  1190.91 
gemma2-9b-it ; 33.366622924804687500, 29.175018310546875000, 0.108551025390625000,  ,  1186.73 
gemma2-9b-it ; 33.344451904296875000, 29.155075073242187500, 0.108596801757812500,  ,  1186.36 
gemma2-9b-it ; 32.581649780273437500, 28.495117187500000000, 0.105667114257812500,  ,  1156.52 
gemma2-9b-it ; 33.734039306640625000, 29.496017456054687500, 0.109802246093750000,  ,  1200.89 
gemma2-9b-it ; 32.704772949218750000, 28.600555419921875000, 0.106216430664062500,  ,  1161.04 
gemma2-9b-it ; 32.963760375976562500, 28.827850341796875000, 0.107192993164062500,  ,  1171.83 
gemma2-9b-it ; 32.828475952148437500, 28.708953857421875000, 0.106689453125000000,  ,  1167.44 
gemma2-9b-it ; 32.067138671875000000, 28.045791625976562500, 0.104125976562500000,  ,  1138.18 
gemma2-9b-it ; 33.957092285156250000, 29.695724487304687500, 0.110336303710937500,  ,  1205.61 
gemma2-9b-it ; 32.267395019531250000, 28.220474243164062500, 0.104705810546875000,  ,  1144.33 
gemma2-9b-it ; 33.371414184570312500, 29.180572509765625000, 0.108581542968750000,  ,  1186.69 
gemma2-9b-it ; 33.978561401367187500, 29.713836669921875000, 0.110549926757812500,  ,  1209.02 
gemma2-9b-it ; 34.193572998046875000, 29.894424438476562500, 0.111236572265625000,  ,  1216.42 
gemma2-9b-it ; 32.903182983398437500, 28.773574829101562500, 0.106903076171875000,  ,  1169.11 
gemma2-9b-it ; 32.764007568359375000, 28.656723022460937500, 0.106292724609375000,  ,  1162.87 
gemma2-9b-it ; 34.091751098632812500, 29.814071655273437500, 0.110870361328125000,  ,  1212.04 
gemma2-9b-it ; 32.820037841796875000, 28.702148437500000000, 0.106567382812500000,  ,  1165.36 
gemma2-9b-it ; 32.949890136718750000, 28.813598632812500000, 0.107116699218750000,  ,  1169.97 
gemma2-9b-it ; 32.768280029296875000, 28.658950805664062500, 0.106262207031250000,  ,  1163.29 
gemma2-9b-it ; 33.140853881835937500, 28.985198974609375000, 0.107589721679687500,  ,  1177.23 
gemma2-9b-it ; 33.256271362304687500, 29.080978393554687500, 0.108169555664062500,  ,  1181.91 
gemma2-9b-it ; 33.733535766601562500, 29.493347167968750000, 0.109954833984375000,  ,  1200.32 
gemma2-9b-it ; 33.572738647460937500, 29.350723266601562500, 0.109298706054687500,  ,  1195.63 
gemma2-9b-it ; 33.888671875000000000, 29.626083374023437500, 0.110275268554687500,  ,  1206.2 
gemma2-9b-it ; 34.623275756835937500, 30.238861083984375000, 0.130020141601562500,  ,  1239.95 
gemma2-9b-it ; 32.387130737304687500, 28.323089599609375000, 0.105224609375000000,  ,  1151.08 
gemma2-9b-it ; 33.065353393554687500, 28.917358398437500000, 0.107666015625000000,  ,  1177.68 
gemma2-9b-it ; 33.162414550781250000, 28.993804931640625000, 0.108108520507812500,  ,  1182.64 
gemma2-9b-it ; 33.364166259765625000, 29.153518676757812500, 0.108612060546875000,  ,  1189.64 
gemma2-9b-it ; 34.065734863281250000, 29.784469604492187500, 0.111053466796875000,  ,  1213.13 
gemma2-9b-it ; 32.055145263671875000, 28.031524658203125000, 0.104125976562500000,  ,  1140.02 
gemma2-9b-it ; 34.335998535156250000, 30.022277832031250000, 0.111938476562500000,  ,  1224.36 
gemma2-9b-it ; 33.127807617187500000, 28.971481323242187500, 0.107650756835937500,  ,  1178.98 
gemma2-9b-it ; 34.816513061523437500, 30.434173583984375000, 0.113037109375000000,  ,  1237.21 
gemma2-9b-it ; 33.972656250000000000, 29.571914672851562500, 0.229522705078125000,  ,  1204.26 
gemma2-9b-it ; 36.595199584960937500, 32.036727905273437500, 0.118103027343750000,  ,  1292.42 
gemma2-9b-it ; 33.591400146484375000, 29.374725341796875000, 0.109405517578125000,  ,  1196.46 
gemma2-9b-it ; 32.486495971679687500, 28.406234741210937500, 0.105651855468750000,  ,  1155.96 
gemma2-9b-it ; 32.712799072265625000, 28.601501464843750000, 0.106597900390625000,  ,  1164.78 
gemma2-9b-it ; 33.170944213867187500, 29.013824462890625000, 0.107833862304687500,  ,  1179.17 
gemma2-9b-it ; 32.547058105468750000, 28.465805053710937500, 0.105819702148437500,  ,  1157.24 
gemma2-9b-it ; 33.237289428710937500, 29.062088012695312500, 0.108337402343750000,  ,  1185.28 
gemma2-9b-it ; 32.910995483398437500, 28.780212402343750000, 0.107116699218750000,  ,  1170.32 
gemma2-9b-it ; 33.863006591796875000, 29.609802246093750000, 0.110336303710937500,  ,  1207.19 
gemma2-9b-it ; 32.375564575195312500, 28.316253662109375000, 0.105285644531250000,  ,  1151.59 
gemma2-9b-it ; 32.155288696289062500, 28.126327514648437500, 0.104507446289062500,  ,  1143.8 
gemma2-9b-it ; 32.420455932617187500, 28.352890014648437500, 0.105316162109375000,  ,  1152.4 
gemma2-9b-it ; 33.375015258789062500, 29.179779052734375000, 0.108718872070312500,  ,  1189.46 
gemma2-9b-it ; 33.172561645507812500, 29.009765625000000000, 0.107955932617187500,  ,  1181.81 
gemma2-9b-it ; 33.427490234375000000, 29.233856201171875000, 0.108978271484375000,  ,  1191.47 
gemma2-9b-it ; 33.730163574218750000, 29.496582031250000000, 0.109939575195312500,  ,  1202.63 
gemma2-9b-it ; 33.393508911132812500, 29.195709228515625000, 0.108840942382812500,  ,  1190.99 
gemma2-9b-it ; 32.923599243164062500, 28.791717529296875000, 0.106994628906250000,  ,  1170.85 
gemma2-9b-it ; 32.706222534179687500, 28.597900390625000000, 0.106475830078125000,  ,  1165.56 
gemma2-9b-it ; 32.857452392578125000, 28.737487792968750000, 0.106964111328125000,  ,  1169.23 
gemma2-9b-it ; 32.182754516601562500, 28.147598266601562500, 0.104629516601562500,  ,  1144.96 
gemma2-9b-it ; 33.454238891601562500, 29.263061523437500000, 0.109085083007812500,  ,  1192.64 
gemma2-9b-it ; 32.536346435546875000, 28.456542968750000000, 0.105773925781250000,  ,  1157.77 
gemma2-9b-it ; 33.222991943359375000, 29.051177978515625000, 0.108200073242187500,  ,  1182.63 
gemma2-9b-it ; 34.295120239257812500, 29.999877929687500000, 0.111572265625000000,  ,  1220.61 
gemma2-9b-it ; 33.456146240234375000, 29.264755249023437500, 0.109008789062500000,  ,  1192.95 
gemma2-9b-it ; 33.078262329101562500, 28.932266235351562500, 0.107620239257812500,  ,  1177.53 
gemma2-9b-it ; 32.790084838867187500, 28.681671142578125000, 0.106765747070312500,  ,  1166.71 
gemma2-9b-it ; 34.187881469726562500, 29.893066406250000000, 0.111526489257812500,  ,  1220.6 
gemma2-9b-it ; 32.677932739257812500, 28.582092285156250000, 0.106292724609375000,  ,  1163.16 
gemma2-9b-it ; 33.491516113281250000, 29.286300659179687500, 0.109100341796875000,  ,  1193.65 
gemma2-9b-it ; 33.955093383789062500, 29.689178466796875000, 0.110763549804687500,  ,  1211.76 
gemma2-9b-it ; 33.564910888671875000, 29.351348876953125000, 0.109207153320312500,  ,  1194.76 
gemma2-9b-it ; 33.439834594726562500, 29.246734619140625000, 0.108871459960937500,  ,  1191.69 
gemma2-9b-it ; 33.304199218750000000, 29.128860473632812500, 0.108489990234375000,  ,  1186.36 
gemma2-9b-it ; 32.907119750976562500, 28.780944824218750000, 0.107101440429687500,  ,  1172.23 
gemma2-9b-it ; 33.190917968750000000, 29.025909423828125000, 0.108108520507812500,  ,  1182.98 
gemma2-9b-it ; 33.431198120117187500, 29.229141235351562500, 0.108840942382812500,  ,  1190.81 
gemma2-9b-it ; 33.435684204101562500, 29.236068725585937500, 0.109039306640625000,  ,  1192.85 
gemma2-9b-it ; 33.137420654296875000, 28.979278564453125000, 0.107803344726562500,  ,  1179.84 
gemma2-9b-it ; 34.326660156250000000, 29.992111206054687500, 0.126785278320312500,  ,  1217.39 
gemma2-9b-it ; 34.071273803710937500, 29.661727905273437500, 0.227890014648437500,  ,  1205.76 
gemma2-9b-it ; 33.473159790039062500, 29.267715454101562500, 0.108947753906250000,  ,  1191.41 
gemma2-9b-it ; 32.754425048828125000, 28.643020629882812500, 0.106643676757812500,  ,  1166.21 
gemma2-9b-it ; 33.765716552734375000, 29.519454956054687500, 0.109527587890625000,  ,  1197.66 
gemma2-9b-it ; 33.045425415039062500, 28.897659301757812500, 0.107376098632812500,  ,  1175.12 
gemma2-9b-it ; 33.065948486328125000, 28.916839599609375000, 0.107635498046875000,  ,  1175.85 
gemma2-9b-it ; 34.105941772460937500, 29.827819824218750000, 0.111175537109375000,  ,  1216.91 
gemma2-9b-it ; 32.346969604492187500, 28.286331176757812500, 0.105194091796875000,  ,  1150.25 
gemma2-9b-it ; 33.067840576171875000, 28.926513671875000000, 0.107543945312500000,  ,  1177.66 
gemma2-9b-it ; 33.457748413085937500, 29.309829711914062500, 0.107376098632812500,  ,  1174.62 
gemma2-9b-it ; 32.818298339843750000, 28.713790893554687500, 0.106872558593750000,  ,  1168.31 
gemma2-9b-it ; 33.025558471679687500, 28.891647338867187500, 0.107437133789062500,  ,  1175.84 
gemma2-9b-it ; 33.650604248046875000, 29.439498901367187500, 0.109481811523437500,  ,  1197.64 
gemma2-9b-it ; 32.310882568359375000, 28.260589599609375000, 0.105056762695312500,  ,  1149.78 
gemma2-9b-it ; 33.127761840820312500, 28.974792480468750000, 0.107833862304687500,  ,  1179.3 
gemma2-9b-it ; 33.157196044921875000, 29.003158569335937500, 0.107940673828125000,  ,  1180.55 
gemma2-9b-it ; 33.386260986328125000, 29.207199096679687500, 0.108871459960937500,  ,  1190.45 
gemma2-9b-it ; 33.493133544921875000, 29.296218872070312500, 0.109039306640625000,  ,  1192.84 
gemma2-9b-it ; 32.561203002929687500, 28.481597900390625000, 0.105834960937500000,  ,  1158.03 
gemma2-9b-it ; 33.224548339843750000, 29.060684204101562500, 0.108047485351562500,  ,  1182.35 
gemma2-9b-it ; 32.844314575195312500, 28.730239868164062500, 0.106826782226562500,  ,  1168.66 
gemma2-9b-it ; 33.664840698242187500, 29.441253662109375000, 0.109573364257812500,  ,  1199.78 
gemma2-9b-it ; 32.603225708007812500, 28.516540527343750000, 0.106124877929687500,  ,  1160.62 
gemma2-9b-it ; 33.077926635742187500, 28.933761596679687500, 0.107650756835937500,  ,  1176.87 
gemma2-9b-it ; 33.977783203125000000, 29.711441040039062500, 0.110794067382812500,  ,  1212.2 
gemma2-9b-it ; 32.627883911132812500, 28.536087036132812500, 0.106246948242187500,  ,  1161.69 
gemma2-9b-it ; 32.688644409179687500, 28.590164184570312500, 0.106338500976562500,  ,  1163 
gemma2-9b-it ; 33.320266723632812500, 29.147827148437500000, 0.108474731445312500,  ,  1187.09 
gemma2-9b-it ; 32.863159179687500000, 28.739532470703125000, 0.107116699218750000,  ,  1170.62 
gemma2-9b-it ; 33.002349853515625000, 28.863082885742187500, 0.107437133789062500,  ,  1175.45 
gemma2-9b-it ; 33.222808837890625000, 29.055160522460937500, 0.108230590820312500,  ,  1183.59 
gemma2-9b-it ; 32.774841308593750000, 28.663360595703125000, 0.106735229492187500,  ,  1168.34 
gemma2-9b-it ; 32.468322753906250000, 28.402740478515625000, 0.105484008789062500,  ,  1154.02 
gemma2-9b-it ; 33.047454833984375000, 28.907562255859375000, 0.107513427734375000,  ,  1176.34 
gemma2-9b-it ; 33.825256347656250000, 29.581924438476562500, 0.109909057617187500,  ,  1202.18 
gemma2-9b-it ; 32.068618774414062500, 28.052627563476562500, 0.104217529296875000,  ,  1140.55 
gemma2-9b-it ; 34.257522583007812500, 29.965026855468750000, 0.111770629882812500,  ,  1222.71 
gemma2-9b-it ; 34.135833740234375000, 29.852798461914062500, 0.111251831054687500,  ,  1217.5 
gemma2-9b-it ; 32.526031494140625000, 28.450485229492187500, 0.105651855468750000,  ,  1155.75 
gemma2-9b-it ; 33.226760864257812500, 29.062545776367187500, 0.108215332031250000,  ,  1184.95 
gemma2-9b-it ; 32.788330078125000000, 28.684295654296875000, 0.106719970703125000,  ,  1168.18 
gemma2-9b-it ; 33.354736328125000000, 29.184387207031250000, 0.108612060546875000,  ,  1187.52 
gemma2-9b-it ; 32.932357788085937500, 28.800582885742187500, 0.106689453125000000,  ,  1167.9 
gemma2-9b-it ; 33.689331054687500000, 29.344833374023437500, 0.218368530273437500,  ,  1192.66 
gemma2-9b-it ; 32.568634033203125000, 28.484817504882812500, 0.105895996093750000,  ,  1158.38 
gemma2-9b-it ; 32.983947753906250000, 28.843765258789062500, 0.107299804687500000,  ,  1173.45 
gemma2-9b-it ; 32.507553100585937500, 28.431701660156250000, 0.105743408203125000,  ,  1156.32 
gemma2-9b-it ; 33.406341552734375000, 29.220291137695312500, 0.108779907226562500,  ,  1190.49 
gemma2-9b-it ; 33.037292480468750000, 28.889923095703125000, 0.107589721679687500,  ,  1176.28 
gemma2-9b-it ; 32.523590087890625000, 28.431228637695312500, 0.121368408203125000,  ,  1157.57 
gemma2-9b-it ; 33.221710205078125000, 29.057510375976562500, 0.108245849609375000,  ,  1184.32 
gemma2-9b-it ; 33.182357788085937500, 29.017959594726562500, 0.108245849609375000,  ,  1184.42 
gemma2-9b-it ; 33.154418945312500000, 28.997940063476562500, 0.108062744140625000,  ,  1181.5 
gemma2-9b-it ; 34.197601318359375000, 29.908599853515625000, 0.111801147460937500,  ,  1222.75 
gemma2-9b-it ; 33.843414306640625000, 29.596679687500000000, 0.110427856445312500,  ,  1207.34 
gemma2-9b-it ; 32.755981445312500000, 28.653656005859375000, 0.106536865234375000,  ,  1165.12 
gemma2-9b-it ; 33.091217041015625000, 28.944091796875000000, 0.107864379882812500,  ,  1179.38 
gemma2-9b-it ; 33.057144165039062500, 28.915374755859375000, 0.107498168945312500,  ,  1177.09 
gemma2-9b-it ; 33.871215820312500000, 29.629211425781250000, 0.110214233398437500,  ,  1207.08 
gemma2-9b-it ; 32.306610107421875000, 28.261627197265625000, 0.104980468750000000,  ,  1148.02 
gemma2-9b-it ; 33.928497314453125000, 29.710449218750000000, 0.109130859375000000,  ,  1194.16 
gemma2-9b-it ; 34.048278808593750000, 29.773696899414062500, 0.111053466796875000,  ,  1214.26 
gemma2-9b-it ; 33.123184204101562500, 28.981018066406250000, 0.107803344726562500,  ,  1179.56 
gemma2-9b-it ; 32.605895996093750000, 28.523742675781250000, 0.106216430664062500,  ,  1160.68 
gemma2-9b-it ; 33.043167114257812500, 28.912261962890625000, 0.107513427734375000,  ,  1176.82 
gemma2-9b-it ; 32.896987915039062500, 28.783752441406250000, 0.107131958007812500,  ,  1171.38 
gemma2-9b-it ; 32.723815917968750000, 28.634719848632812500, 0.106567382812500000,  ,  1165.47 
gemma2-9b-it ; 32.044281005859375000, 28.042587280273437500, 0.104095458984375000,  ,  1139.06 
gemma2-9b-it ; 33.159149169921875000, 29.008117675781250000, 0.108062744140625000,  ,  1182.92 
gemma2-9b-it ; 33.138916015625000000, 28.988296508789062500, 0.107986450195312500,  ,  1182.07 
gemma2-9b-it ; 33.389556884765625000, 29.207000732421875000, 0.108917236328125000,  ,  1190.21 
gemma2-9b-it ; 32.670654296875000000, 28.581939697265625000, 0.106338500976562500,  ,  1163.6 
gemma2-9b-it ; 32.917633056640625000, 28.797866821289062500, 0.107162475585937500,  ,  1172.85 
gemma2-9b-it ; 33.434997558593750000, 29.251403808593750000, 0.108871459960937500,  ,  1191.28 
gemma2-9b-it ; 33.448303222656250000, 29.262710571289062500, 0.108886718750000000,  ,  1191.56 
gemma2-9b-it ; 33.092391967773437500, 28.940536499023437500, 0.107818603515625000,  ,  1179.8 
gemma2-9b-it ; 32.848052978515625000, 28.732376098632812500, 0.106948852539062500,  ,  1170.35 
gemma2-9b-it ; 31.978179931640625000, 27.975891113281250000, 0.104110717773437500,  ,  1137.96 
gemma2-9b-it ; 33.231811523437500000, 29.065155029296875000, 0.108596801757812500,  ,  1186.72 
gemma2-9b-it ; 32.633377075195312500, 28.546127319335937500, 0.106216430664062500,  ,  1162.78 
gemma2-9b-it ; 33.434906005859375000, 29.247161865234375000, 0.109115600585937500,  ,  1193.01 
gemma2-9b-it ; 32.759094238281250000, 28.652282714843750000, 0.106735229492187500,  ,  1166.69 
gemma2-9b-it ; 32.927993774414062500, 28.799545288085937500, 0.107131958007812500,  ,  1172.31 
gemma2-9b-it ; 33.025192260742187500, 28.893478393554687500, 0.107635498046875000,  ,  1176.96 
gemma2-9b-it ; 32.582031250000000000, 28.505676269531250000, 0.106002807617187500,  ,  1159.6 
gemma2-9b-it ; 34.667343139648437500, 30.331024169921875000, 0.112350463867187500,  ,  1228.87 
gemma2-9b-it ; 34.062438964843750000, 29.668670654296875000, 0.222656250000000000,  ,  1207.18 
gemma2-9b-it ; 33.252090454101562500, 29.087097167968750000, 0.108520507812500000,  ,  1185.79 
gemma2-9b-it ; 33.131744384765625000, 28.970779418945312500, 0.108078002929687500,  ,  1181.84 
gemma2-9b-it ; 32.538803100585937500, 28.464447021484375000, 0.105728149414062500,  ,  1157.22 
gemma2-9b-it ; 33.106674194335937500, 28.955978393554687500, 0.107788085937500000,  ,  1179.21 
gemma2-9b-it ; 32.214263916015625000, 28.185058593750000000, 0.104782104492187500,  ,  1145.64 
gemma2-9b-it ; 33.527008056640625000, 29.324462890625000000, 0.109222412109375000,  ,  1195.42 
gemma2-9b-it ; 33.159378051757812500, 29.002609252929687500, 0.108215332031250000,  ,  1183.41 
gemma2-9b-it ; 32.461303710937500000, 28.398315429687500000, 0.105682373046875000,  ,  1156.53 
gemma2-9b-it ; 32.278915405273437500, 28.244491577148437500, 0.104965209960937500,  ,  1147.18 
gemma2-9b-it ; 32.820297241210937500, 28.710769653320312500, 0.106948852539062500,  ,  1170.07 
gemma2-9b-it ; 32.701843261718750000, 28.603744506835937500, 0.106536865234375000,  ,  1165.47 
gemma2-9b-it ; 32.884933471679687500, 28.758392333984375000, 0.107254028320312500,  ,  1171.75 
gemma2-9b-it ; 33.331848144531250000, 29.152648925781250000, 0.108627319335937500,  ,  1188.28 
gemma2-9b-it ; 33.907958984375000000, 29.638031005859375000, 0.124618530273437500,  ,  1207.84 
gemma2-9b-it ; 33.791442871093750000, 29.553436279296875000, 0.110244750976562500,  ,  1206.84 
gemma2-9b-it ; 32.187515258789062500, 28.155059814453125000, 0.104888916015625000,  ,  1146.33 
gemma2-9b-it ; 33.771041870117187500, 29.521606445312500000, 0.109542846679687500,  ,  1197.81 
gemma2-9b-it ; 34.940826416015625000, 30.549743652343750000, 0.113540649414062500,  ,  1243.52 
gemma2-9b-it ; 32.499664306640625000, 28.433837890625000000, 0.105667114257812500,  ,  1156.55 
gemma2-9b-it ; 33.082366943359375000, 28.943756103515625000, 0.107620239257812500,  ,  1177.84 
gemma2-9b-it ; 32.924957275390625000, 28.794052124023437500, 0.107101440429687500,  ,  1171.14 
gemma2-9b-it ; 32.205612182617187500, 28.179489135742187500, 0.104705810546875000,  ,  1146.03 
gemma2-9b-it ; 32.974456787109375000, 28.843948364257812500, 0.107360839843750000,  ,  1173.96 
gemma2-9b-it ; 32.597259521484375000, 28.513900756835937500, 0.106124877929687500,  ,  1161.12 
gemma2-9b-it ; 35.468383789062500000, 31.065551757812500000, 0.114334106445312500,  ,  1250.7 
gemma2-9b-it ; 32.930358886718750000, 28.803375244140625000, 0.107437133789062500,  ,  1175.31 
gemma2-9b-it ; 32.809707641601562500, 28.697875976562500000, 0.106811523437500000,  ,  1168.47 
gemma2-9b-it ; 33.332687377929687500, 29.143402099609375000, 0.108764648437500000,  ,  1189.63 
gemma2-9b-it ; 33.605194091796875000, 29.386566162109375000, 0.109573364257812500,  ,  1198.73 
gemma2-9b-it ; 32.829010009765625000, 28.719345092773437500, 0.106933593750000000,  ,  1168.56 
gemma2-9b-it ; 34.021102905273437500, 29.753829956054687500, 0.111099243164062500,  ,  1214.55 
gemma2-9b-it ; 33.040145874023437500, 28.897171020507812500, 0.107604980468750000,  ,  1177.22 
gemma2-9b-it ; 32.981628417968750000, 28.847274780273437500, 0.107437133789062500,  ,  1175.02 
gemma2-9b-it ; 33.443405151367187500, 29.258026123046875000, 0.108917236328125000,  ,  1191.41 
gemma2-9b-it ; 32.725830078125000000, 28.619796752929687500, 0.106582641601562500,  ,  1166.05 
gemma2-9b-it ; 33.825790405273437500, 29.584411621093750000, 0.110321044921875000,  ,  1205.51 
gemma2-9b-it ; 32.803344726562500000, 28.686904907226562500, 0.106872558593750000,  ,  1170.07 
gemma2-9b-it ; 32.524993896484375000, 28.451248168945312500, 0.106002807617187500,  ,  1159.75 
gemma2-9b-it ; 32.364715576171875000, 28.323104858398437500, 0.105087280273437500,  ,  1149.45 
gemma2-9b-it ; 33.584152221679687500, 29.375762939453125000, 0.109573364257812500,  ,  1198.2 
gemma2-9b-it ; 34.056259155273437500, 29.784820556640625000, 0.110366821289062500,  ,  1208.6 
gemma2-9b-it ; 36.500305175781250000, 31.771026611328125000, 0.231857299804687500,  ,  1280.88 
gemma2-9b-it ; 32.452331542968750000, 28.392288208007812500, 0.105514526367187500,  ,  1153.93 
gemma2-9b-it ; 33.385055541992187500, 29.211273193359375000, 0.108657836914062500,  ,  1189.21 
gemma2-9b-it ; 33.736022949218750000, 29.511154174804687500, 0.109985351562500000,  ,  1202.32 
gemma2-9b-it ; 32.251205444335937500, 28.212387084960937500, 0.104858398437500000,  ,  1147.4 
gemma2-9b-it ; 32.202346801757812500, 28.174774169921875000, 0.104873657226562500,  ,  1147.51 
gemma2-9b-it ; 33.865310668945312500, 29.628723144531250000, 0.110412597656250000,  ,  1208.61 
gemma2-9b-it ; 33.618576049804687500, 29.411605834960937500, 0.109588623046875000,  ,  1197.96 
gemma2-9b-it ; 33.731475830078125000, 29.507141113281250000, 0.109695434570312500,  ,  1200.08 
gemma2-9b-it ; 34.609603881835937500, 30.292053222656250000, 0.113113403320312500,  ,  1236.42 
gemma2-9b-it ; 32.798767089843750000, 28.699310302734375000, 0.106658935546875000,  ,  1167.14 
gemma2-9b-it ; 33.089141845703125000, 28.947128295898437500, 0.107772827148437500,  ,  1178.82 
gemma2-9b-it ; 32.896179199218750000, 28.777053833007812500, 0.106994628906250000,  ,  1170.21 
gemma2-9b-it ; 32.480895996093750000, 28.416915893554687500, 0.105529785156250000,  ,  1154.88 
gemma2-9b-it ; 34.063217163085937500, 29.793746948242187500, 0.111099243164062500,  ,  1215.97 
gemma2-9b-it ; 33.669204711914062500, 29.456405639648437500, 0.109695434570312500,  ,  1199.72 
gemma2-9b-it ; 32.571731567382812500, 28.487503051757812500, 0.105850219726562500,  ,  1158.34 
gemma2-9b-it ; 33.362289428710937500, 29.211578369140625000, 0.108795166015625000,  ,  1189.4 
gemma2-9b-it ; 32.369491577148437500, 28.313842773437500000, 0.105453491210937500,  ,  1152.78 
gemma2-9b-it ; 32.628067016601562500, 28.544769287109375000, 0.106201171875000000,  ,  1161.99 
gemma2-9b-it ; 32.736740112304687500, 28.641250610351562500, 0.106582641601562500,  ,  1165.77 
gemma2-9b-it ; 32.446090698242187500, 28.378112792968750000, 0.105529785156250000,  ,  1153.9 
gemma2-9b-it ; 32.510238647460937500, 28.432937622070312500, 0.105911254882812500,  ,  1156.96 
gemma2-9b-it ; 33.154586791992187500, 28.975402832031250000, 0.123641967773437500,  ,  1180.95 
gemma2-9b-it ; 32.728408813476562500, 28.622375488281250000, 0.106445312500000000,  ,  1164.31 
gemma2-9b-it ; 32.998062133789062500, 28.855590820312500000, 0.107482910156250000,  ,  1176.01 
gemma2-9b-it ; 33.295867919921875000, 29.114517211914062500, 0.108489990234375000,  ,  1187.09 
gemma2-9b-it ; 32.631439208984375000, 28.536727905273437500, 0.106170654296875000,  ,  1161.46 
gemma2-9b-it ; 33.689941406250000000, 29.459640502929687500, 0.109695434570312500,  ,  1199.5 
gemma2-9b-it ; 32.627120971679687500, 28.529556274414062500, 0.106124877929687500,  ,  1161.88 
gemma2-9b-it ; 34.562500000000000000, 30.222656250000000000, 0.112289428710937500,  ,  1229.23 
gemma2-9b-it ; 32.121307373046875000, 28.096633911132812500, 0.104431152343750000,  ,  1141.93 
gemma2-9b-it ; 33.435897827148437500, 29.239822387695312500, 0.108840942382812500,  ,  1190.46 
gemma2-9b-it ; 34.109695434570312500, 29.829833984375000000, 0.111129760742187500,  ,  1216.54 
gemma2-9b-it ; 33.371810913085937500, 29.206436157226562500, 0.108001708984375000,  ,  1180.22 
gemma2-9b-it ; 33.963562011718750000, 29.719619750976562500, 0.109848022460937500,  ,  1202.59 
gemma2-9b-it ; 32.765594482421875000, 28.662277221679687500, 0.106613159179687500,  ,  1167.05 
gemma2-9b-it ; 32.804031372070312500, 28.690872192382812500, 0.106674194335937500,  ,  1166.91 
gemma2-9b-it ; 32.364501953125000000, 28.308578491210937500, 0.105270385742187500,  ,  1151.73 
gemma2-9b-it ; 33.354385375976562500, 29.162826538085937500, 0.108657836914062500,  ,  1189.45 
gemma2-9b-it ; 32.685302734375000000, 28.589126586914062500, 0.106323242187500000,  ,  1162.31 
gemma2-9b-it ; 33.489700317382812500, 29.300796508789062500, 0.109252929687500000,  ,  1195.28 
gemma2-9b-it ; 33.256332397460937500, 29.073608398437500000, 0.107757568359375000,  ,  1180.29 
gemma2-9b-it ; 33.061523437500000000, 28.792785644531250000, 0.212509155273437500,  ,  1169.32 
gemma2-9b-it ; 32.810745239257812500, 28.692993164062500000, 0.106781005859375000,  ,  1167.85 
gemma2-9b-it ; 34.254364013671875000, 29.951049804687500000, 0.111633300781250000,  ,  1221.72 
gemma2-9b-it ; 32.757324218750000000, 28.651290893554687500, 0.106430053710937500,  ,  1165.88 
gemma2-9b-it ; 33.485244750976562500, 29.292800903320312500, 0.109176635742187500,  ,  1194.51 
gemma2-9b-it ; 33.152893066406250000, 29.002441406250000000, 0.107635498046875000,  ,  1178.29 
gemma2-9b-it ; 33.330047607421875000, 29.151992797851562500, 0.108795166015625000,  ,  1190.37 
gemma2-9b-it ; 34.067398071289062500, 29.790237426757812500, 0.111160278320312500,  ,  1216.18 
gemma2-9b-it ; 33.140686035156250000, 28.979873657226562500, 0.107894897460937500,  ,  1181.09 
gemma2-9b-it ; 32.888168334960937500, 28.768951416015625000, 0.107131958007812500,  ,  1172.04 
gemma2-9b-it ; 32.826400756835937500, 28.711822509765625000, 0.106964111328125000,  ,  1169.47 
gemma2-9b-it ; 32.719619750976562500, 28.613098144531250000, 0.106613159179687500,  ,  1164.97 
gemma2-9b-it ; 32.848526000976562500, 28.721633911132812500, 0.106994628906250000,  ,  1171.24 
gemma2-9b-it ; 32.405166625976562500, 28.344360351562500000, 0.105529785156250000,  ,  1153.37 
gemma2-9b-it ; 34.001693725585937500, 29.735351562500000000, 0.110961914062500000,  ,  1214.12 
gemma2-9b-it ; 32.677078247070312500, 28.582748413085937500, 0.106338500976562500,  ,  1163.2 
gemma2-9b-it ; 32.399902343750000000, 28.344818115234375000, 0.105178833007812500,  ,  1151.3 
gemma2-9b-it ; 33.050613403320312500, 28.903274536132812500, 0.107696533203125000,  ,  1177.54 
gemma2-9b-it ; 32.627212524414062500, 28.536697387695312500, 0.106292724609375000,  ,  1162.28 
gemma2-9b-it ; 32.458969116210937500, 28.397430419921875000, 0.105560302734375000,  ,  1156.09 
gemma2-9b-it ; 32.671890258789062500, 28.585250854492187500, 0.106369018554687500,  ,  1162.8 
gemma2-9b-it ; 32.533035278320312500, 28.462097167968750000, 0.105865478515625000,  ,  1158.09 
gemma2-9b-it ; 32.463546752929687500, 28.398254394531250000, 0.105621337890625000,  ,  1156.04 
gemma2-9b-it ; 33.277130126953125000, 29.106094360351562500, 0.108398437500000000,  ,  1186.34 
gemma2-9b-it ; 32.967483520507812500, 28.840744018554687500, 0.107391357421875000,  ,  1174.92 
gemma2-9b-it ; 32.741531372070312500, 28.642578125000000000, 0.106658935546875000,  ,  1165.36 
gemma2-9b-it ; 32.891433715820312500, 28.777038574218750000, 0.106994628906250000,  ,  1171.16 
gemma2-9b-it ; 33.040191650390625000, 28.903030395507812500, 0.107635498046875000,  ,  1176.54 
gemma2-9b-it ; 32.851425170898437500, 28.744873046875000000, 0.106918334960937500,  ,  1169.4 
gemma2-9b-it ; 32.671234130859375000, 28.572692871093750000, 0.106384277343750000,  ,  1164.42 
gemma2-9b-it ; 33.251831054687500000, 29.080398559570312500, 0.108413696289062500,  ,  1185.57 
gemma2-9b-it ; 33.059143066406250000, 28.902618408203125000, 0.121154785156250000,  ,  1178.12 
gemma2-9b-it ; 33.133300781250000000, 28.980178833007812500, 0.107971191406250000,  ,  1180.95 
gemma2-9b-it ; 33.595794677734375000, 29.383483886718750000, 0.109497070312500000,  ,  1196.73 
gemma2-9b-it ; 32.576141357421875000, 28.495712280273437500, 0.105911254882812500,  ,  1158.85 
gemma2-9b-it ; 32.643981933593750000, 28.561721801757812500, 0.106445312500000000,  ,  1162.71 
gemma2-9b-it ; 33.877029418945312500, 29.633026123046875000, 0.110519409179687500,  ,  1209.32 
gemma2-9b-it ; 32.796051025390625000, 28.691741943359375000, 0.106674194335937500,  ,  1167.29 
gemma2-9b-it ; 33.288131713867187500, 29.122161865234375000, 0.108444213867187500,  ,  1187.25 
gemma2-9b-it ; 33.715499877929687500, 29.492767333984375000, 0.109954833984375000,  ,  1203.69 
gemma2-9b-it ; 33.614059448242187500, 29.403198242187500000, 0.109588623046875000,  ,  1198.53 
gemma2-9b-it ; 33.991653442382812500, 29.733840942382812500, 0.111114501953125000,  ,  1214.16 
gemma2-9b-it ; 35.274154663085937500, 30.890365600585937500, 0.113250732421875000,  ,  1238.98 
gemma2-9b-it ; 33.399520874023437500, 29.096969604492187500, 0.215942382812500000,  ,  1182.14 
gemma2-9b-it ; 32.429565429687500000, 28.373565673828125000, 0.105560302734375000,  ,  1154.35 
gemma2-9b-it ; 33.572479248046875000, 29.367080688476562500, 0.109466552734375000,  ,  1197.62 
gemma2-9b-it ; 33.286361694335937500, 29.113677978515625000, 0.108474731445312500,  ,  1187.59 
gemma2-9b-it ; 33.669265747070312500, 29.453262329101562500, 0.109817504882812500,  ,  1201.53 
gemma2-9b-it ; 33.772583007812500000, 29.539505004882812500, 0.110183715820312500,  ,  1205.74 
gemma2-9b-it ; 33.214508056640625000, 29.052246093750000000, 0.108398437500000000,  ,  1185.83 
gemma2-9b-it ; 33.691894531250000000, 29.471435546875000000, 0.109970092773437500,  ,  1202.28 
gemma2-9b-it ; 32.597305297851562500, 28.517089843750000000, 0.106140136718750000,  ,  1160.77 
gemma2-9b-it ; 32.193572998046875000, 28.160507202148437500, 0.104782104492187500,  ,  1145.63 
gemma2-9b-it ; 32.535202026367187500, 28.461120605468750000, 0.105865478515625000,  ,  1158.27 
gemma2-9b-it ; 33.088943481445312500, 28.943283081054687500, 0.107849121093750000,  ,  1180.11 
gemma2-9b-it ; 33.012573242187500000, 28.874359130859375000, 0.107666015625000000,  ,  1177.64 
gemma2-9b-it ; 33.143112182617187500, 28.987304687500000000, 0.108123779296875000,  ,  1182.12 
gemma2-9b-it ; 33.654602050781250000, 29.435165405273437500, 0.109954833984375000,  ,  1203.37 
gemma2-9b-it ; 32.630477905273437500, 28.545349121093750000, 0.106369018554687500,  ,  1163.15 
