amazonQ ; 0.023437500000000000, 0.014389038085937500, 0.004791259765625000,  ,  0.963 
amazonQ ; 0.018661499023437500, 0.013702392578125000, 0.001419067382812500,  ,  0.9 
amazonQ ; 0.017211914062500000, 0.013427734375000000, 0.000595092773437500,  ,  0.772 
amazonQ ; 0.000000000000000000, 0.000000000000000000, 0.000000000000000000,  ,  0.781 
amazonQ ; 0.018157958984375000, 0.014495849609375000, 0.000564575195312500,  ,  0.684 
amazonQ ; 0.019454956054687500, 0.015716552734375000, 0.000564575195312500,  ,  0.652 
amazonQ ; 0.023529052734375000, 0.019226074218750000, 0.000595092773437500,  ,  0.986 
amazonQ ; 0.019622802734375000, 0.015625000000000000, 0.000579833984375000,  ,  0.818 
amazonQ ; 0.000000000000000000, 0.000000000000000000, 0.000000000000000000,  ,  0.652 
amazonQ ; 0.019058227539062500, 0.015487670898437500, 0.000549316406250000,  ,  0.643 
amazonQ ; 0.000000000000000000, 0.000000000000000000, 0.000579833984375000,  ,  0.645 
amazonQ ; 0.000000000000000000, 0.000000000000000000, 0.000000000000000000,  ,  0.7 
amazonQ ; 0.019348144531250000, 0.015487670898437500, 0.000579833984375000,  ,  0.773 
amazonQ ; 0.022338867187500000, 0.018157958984375000, 0.000595092773437500,  ,  1.284 
amazonQ ; 0.054077148437500000, 0.040176391601562500, 0.004669189453125000,  ,  1.715 
amazonQ ; 0.028915405273437500, 0.020217895507812500, 0.003677368164062500,  ,  1.372 
amazonQ ; 0.028579711914062500, 0.040267944335937500, 0.008789062500000000,  ,  1.2 
amazonQ ; 0.029113769531250000, 0.020248413085937500, 0.004501342773437500,  ,  1.235 
amazonQ ; 0.026077270507812500, 0.020126342773437500, 0.001693725585937500,  ,  1.224 
amazonQ ; 0.027053833007812500, 0.021408081054687500, 0.001220703125000000,  ,  1.054 
amazonQ ; 0.020126342773437500, 0.016159057617187500, 0.000564575195312500,  ,  0.737 
amazonQ ; 0.000000000000000000, 0.000000000000000000, 0.000000000000000000,  ,  0.653 
amazonQ ; 0.020446777343750000, 0.016601562500000000, 0.000579833984375000,  ,  0.921 
amazonQ ; 0.023483276367187500, 0.019180297851562500, 0.000595092773437500,  ,  0.755 
amazonQ ; 0.019256591796875000, 0.015518188476562500, 0.000579833984375000,  ,  0.682 
amazonQ ; 0.000000000000000000, 0.000000000000000000, 0.000000000000000000,  ,  0.668 
amazonQ ; 0.019836425781250000, 0.016113281250000000, 0.000595092773437500,  ,  0.672 
amazonQ ; 0.020446777343750000, 0.016555786132812500, 0.000610351562500000,  ,  0.67 
amazonQ ; 0.000000000000000000, 0.000000000000000000, 0.000000000000000000,  ,  0.684 
amazonQ ; 0.019302368164062500, 0.015609741210937500, 0.000000000000000000,  ,  0.886 
amazonQ ; 0.023651123046875000, 0.019393920898437500, 0.000595092773437500,  ,  0.769 
amazonQ ; 0.025955200195312500, 0.019638061523437500, 0.001937866210937500,  ,  1.118 
amazonQ ; 0.055328369140625000, 0.040649414062500000, 0.005386352539062500,  ,  1.328 
amazonQ ; 0.030319213867187500, 0.020751953125000000, 0.004135131835937500,  ,  1.39 
amazonQ ; 0.029647827148437500, 0.020675659179687500, 0.004058837890625000,  ,  1.436 
amazonQ ; 0.029251098632812500, 0.019256591796875000, 0.005294799804687500,  ,  0.914 
amazonQ ; 0.022842407226562500, 0.015945434570312500, 0.002822875976562500,  ,  0.772 
amazonQ ; 0.019454956054687500, 0.015548706054687500, 0.000610351562500000,  ,  0.696 
amazonQ ; 0.000000000000000000, 0.000000000000000000, 0.000000000000000000,  ,  0.675 
amazonQ ; 0.020217895507812500, 0.016448974609375000, 0.000595092773437500,  ,  0.671 
amazonQ ; 0.019271850585937500, 0.015563964843750000, 0.000595092773437500,  ,  0.661 
amazonQ ; 0.023666381835937500, 0.019302368164062500, 0.000610351562500000,  ,  1.015 
amazonQ ; 0.000000000000000000, 0.000000000000000000, 0.000000000000000000,  ,  0.715 
amazonQ ; 0.000000000000000000, 0.000000000000000000, 0.000000000000000000,  ,  0.73 
amazonQ ; 0.019271850585937500, 0.015533447265625000, 0.000579833984375000,  ,  0.7 
amazonQ ; 0.020278930664062500, 0.016387939453125000, 0.000610351562500000,  ,  0.682 
amazonQ ; 0.000000000000000000, 0.000000000000000000, 0.000000000000000000,  ,  0.686 
amazonQ ; 0.020919799804687500, 0.017105102539062500, 0.000579833984375000,  ,  0.894 
amazonQ ; 0.024108886718750000, 0.019729614257812500, 0.000595092773437500,  ,  0.853 
amazonQ ; 0.022796630859375000, 0.018142700195312500, 0.000976562500000000,  ,  0.907 
amazonQ ; 0.024993896484375000, 0.016784667968750000, 0.003524780273437500,  ,  1.061 
amazonQ ; 0.024597167968750000, 0.020172119140625000, 0.000579833984375000,  ,  1.268 
amazonQ ; 0.058456420898437500, 0.042465209960937500, 0.006088256835937500,  ,  1.477 
amazonQ ; 0.029846191406250000, 0.021057128906250000, 0.003845214843750000,  ,  1.441 
amazonQ ; 0.029769897460937500, 0.020019531250000000, 0.004928588867187500,  ,  1.036 
amazonQ ; 0.024444580078125000, 0.015701293945312500, 0.004455566406250000,  ,  0.828 
amazonQ ; 0.020278930664062500, 0.015777587890625000, 0.001037597656250000,  ,  0.727 
amazonQ ; 0.000000000000000000, 0.000000000000000000, 0.000000000000000000,  ,  0.666 
amazonQ ; 0.020858764648437500, 0.016860961914062500, 0.000610351562500000,  ,  0.982 
amazonQ ; 0.023025512695312500, 0.018753051757812500, 0.000595092773437500,  ,  0.741 
amazonQ ; 0.019042968750000000, 0.015258789062500000, 0.000579833984375000,  ,  0.703 
amazonQ ; 0.019607543945312500, 0.015899658203125000, 0.000579833984375000,  ,  0.676 
amazonQ ; 0.000000000000000000, 0.000000000000000000, 0.000000000000000000,  ,  0.669 
amazonQ ; 0.019943237304687500, 0.016128540039062500, 0.000595092773437500,  ,  0.689 
amazonQ ; 0.020843505859375000, 0.016921997070312500, 0.000610351562500000,  ,  0.752 
amazonQ ; 0.023254394531250000, 0.019104003906250000, 0.000564575195312500,  ,  0.856 
amazonQ ; 0.000000000000000000, 0.000000000000000000, 0.000000000000000000,  ,  0.721 
amazonQ ; 0.021896362304687500, 0.017761230468750000, 0.000610351562500000,  ,  0.819 
amazonQ ; 0.025772094726562500, 0.017807006835937500, 0.003265380859375000,  ,  0.883 
amazonQ ; 0.024200439453125000, 0.018875122070312500, 0.001266479492187500,  ,  1.096 
amazonQ ; 0.025863647460937500, 0.020675659179687500, 0.001205444335937500,  ,  1.291 
amazonQ ; 0.060516357421875000, 0.041671752929687500, 0.008163452148437500,  ,  1.368 
amazonQ ; 0.028762817382812500, 0.019393920898437500, 0.004714965820312500,  ,  1.058 
amazonQ ; 0.025192260742187500, 0.016296386718750000, 0.004608154296875000,  ,  0.874 
amazonQ ; 0.000000000000000000, 0.000000000000000000, 0.000000000000000000,  ,  0.766 
amazonQ ; 0.021652221679687500, 0.016159057617187500, 0.001846313476562500,  ,  0.696 
amazonQ ; 0.020019531250000000, 0.016113281250000000, 0.000610351562500000,  ,  0.65 
amazonQ ; 0.022979736328125000, 0.018768310546875000, 0.000579833984375000,  ,  0.954 
amazonQ ; 0.000000000000000000, 0.000000000000000000, 0.000000000000000000,  ,  0.803 
amazonQ ; 0.020523071289062500, 0.016433715820312500, 0.000610351562500000,  ,  0.674 
amazonQ ; 0.019332885742187500, 0.015609741210937500, 0.000595092773437500,  ,  0.652 
amazonQ ; 0.000000000000000000, 0.000000000000000000, 0.000000000000000000,  ,  0.655 
amazonQ ; 0.019805908203125000, 0.016052246093750000, 0.000579833984375000,  ,  0.661 
amazonQ ; 0.019699096679687500, 0.015991210937500000, 0.000579833984375000,  ,  0.737 
amazonQ ; 0.023376464843750000, 0.019104003906250000, 0.000610351562500000,  ,  0.894 
amazonQ ; 0.000000000000000000, 0.000000000000000000, 0.000000000000000000,  ,  0.721 
amazonQ ; 0.020690917968750000, 0.016754150390625000, 0.000595092773437500,  ,  0.721 
amazonQ ; 0.020095825195312500, 0.016220092773437500, 0.000579833984375000,  ,  0.763 
amazonQ ; 0.026702880859375000, 0.018981933593750000, 0.003051757812500000,  ,  1.138 
amazonQ ; 0.025955200195312500, 0.020111083984375000, 0.001510620117187500,  ,  0.973 
amazonQ ; 0.056442260742187500, 0.041687011718750000, 0.005111694335937500,  ,  2.07 
amazonQ ; 0.029037475585937500, 0.020034790039062500, 0.003890991210937500,  ,  1.353 
amazonQ ; 0.026123046875000000, 0.016662597656250000, 0.000000000000000000,  ,  0.865 
amazonQ ; 0.024581909179687500, 0.015838623046875000, 0.004486083984375000,  ,  0.802 
amazonQ ; 0.021774291992187500, 0.017410278320312500, 0.000778198242187500,  ,  0.95 
amazonQ ; 0.022659301757812500, 0.018386840820312500, 0.000579833984375000,  ,  0.797 
amazonQ ; 0.019638061523437500, 0.015792846679687500, 0.000579833984375000,  ,  0.67 
amazonQ ; 0.000000000000000000, 0.000000000000000000, 0.000000000000000000,  ,  0.654 
amazonQ ; 0.020111083984375000, 0.016281127929687500, 0.000595092773437500,  ,  0.652 
amazonQ ; 0.000000000000000000, 0.016510009765625000, 0.000610351562500000,  ,  0.659 
codeium ; 0.000000000000000000, 0.000000000000000000, 0.000000000000000000,  ,  0.737 
codeium ; 0.020004272460937500, 0.016036987304687500, 0.000595092773437500,  ,  0.704 
codeium ; 0.019821166992187500, 0.016021728515625000, 0.000595092773437500,  ,  0.668 
codeium ; 0.000000000000000000, 0.000000000000000000, 0.000000000000000000,  ,  0.66 
codeium ; 0.020980834960937500, 0.017044067382812500, 0.000610351562500000,  ,  0.67 
codeium ; 0.019592285156250000, 0.015899658203125000, 0.000579833984375000,  ,  0.686 
codeium ; 0.000000000000000000, 0.000000000000000000, 0.000000000000000000,  ,  0.66 
codeium ; 0.000000000000000000, 0.000000000000000000, 0.000000000000000000,  ,  0.967 
codeium ; 0.022766113281250000, 0.018493652343750000, 0.000595092773437500,  ,  0.748 
codeium ; 0.020828247070312500, 0.016876220703125000, 0.000595092773437500,  ,  0.683 
codeium ; 0.021484375000000000, 0.017501831054687500, 0.000595092773437500,  ,  0.804 
codeium ; 0.026611328125000000, 0.017776489257812500, 0.003921508789062500,  ,  0.904 
codeium ; 0.025115966796875000, 0.020248413085937500, 0.000793457031250000,  ,  1.272 
codeium ; 0.028137207031250000, 0.021224975585937500, 0.002120971679687500,  ,  1.37 
codeium ; 0.029891967773437500, 0.020706176757812500, 0.003982543945312500,  ,  1.28 
codeium ; 0.029312133789062500, 0.019439697265625000, 0.005172729492187500,  ,  1.087 
codeium ; 0.028854370117187500, 0.019912719726562500, 0.004165649414062500,  ,  1.185 
codeium ; 0.024948120117187500, 0.020095825195312500, 0.000854492187500000,  ,  1.244 
codeium ; 0.025192260742187500, 0.020523071289062500, 0.000579833984375000,  ,  1.128 
codeium ; 0.025939941406250000, 0.021362304687500000, 0.000595092773437500,  ,  0.838 
codeium ; 0.019851684570312500, 0.015899658203125000, 0.000595092773437500,  ,  0.726 
codeium ; 0.000000000000000000, 0.000000000000000000, 0.000000000000000000,  ,  0.756 
codeium ; 0.020797729492187500, 0.016830444335937500, 0.000000000000000000,  ,  0.684 
codeium ; 0.019317626953125000, 0.015594482421875000, 0.000579833984375000,  ,  0.674 
codeium ; 0.000000000000000000, 0.000000000000000000, 0.000000000000000000,  ,  0.661 
codeium ; 0.020797729492187500, 0.016906738281250000, 0.000610351562500000,  ,  0.947 
codeium ; 0.022537231445312500, 0.018203735351562500, 0.000579833984375000,  ,  0.866 
codeium ; 0.019363403320312500, 0.015548706054687500, 0.000579833984375000,  ,  0.723 
codeium ; 0.021728515625000000, 0.017654418945312500, 0.000640869140625000,  ,  0.977 
codeium ; 0.027038574218750000, 0.018127441406250000, 0.003875732421875000,  ,  0.862 
codeium ; 0.021072387695312500, 0.017044067382812500, 0.000579833984375000,  ,  1.053 
codeium ; 0.026611328125000000, 0.021759033203125000, 0.000610351562500000,  ,  1.413 
codeium ; 0.059661865234375000, 0.041336059570312500, 0.007766723632812500,  ,  1.529 
codeium ; 0.026519775390625000, 0.017425537109375000, 0.004592895507812500,  ,  0.927 
codeium ; 0.025207519531250000, 0.016098022460937500, 0.004882812500000000,  ,  0.903 
codeium ; 0.000000000000000000, 0.000000000000000000, 0.000000000000000000,  ,  0.73 
codeium ; 0.021423339843750000, 0.016082763671875000, 0.001617431640625000,  ,  1.098 
codeium ; 0.021530151367187500, 0.017166137695312500, 0.000000000000000000,  ,  0.718 
codeium ; 0.019775390625000000, 0.015823364257812500, 0.000610351562500000,  ,  0.657 
codeium ; 0.019302368164062500, 0.015655517578125000, 0.000579833984375000,  ,  0.686 
codeium ; 0.000000000000000000, 0.000000000000000000, 0.000000000000000000,  ,  0.678 
codeium ; 0.020004272460937500, 0.016220092773437500, 0.000610351562500000,  ,  0.72 
codeium ; 0.020019531250000000, 0.016082763671875000, 0.000595092773437500,  ,  0.665 
codeium ; 0.021820068359375000, 0.017578125000000000, 0.000610351562500000,  ,  1.219 
codeium ; 0.022476196289062500, 0.018234252929687500, 0.000595092773437500,  ,  0.901 
codeium ; 0.000000000000000000, 0.000000000000000000, 0.000000000000000000,  ,  0.68 
codeium ; 0.020248413085937500, 0.016372680664062500, 0.000610351562500000,  ,  0.767 
codeium ; 0.025970458984375000, 0.019256591796875000, 0.002380371093750000,  ,  1.033 
codeium ; 0.027008056640625000, 0.019668579101562500, 0.002777099609375000,  ,  1.186 
codeium ; 0.056060791015625000, 0.041809082031250000, 0.004913330078125000,  ,  1.342 
codeium ; 0.030364990234375000, 0.021026611328125000, 0.004165649414062500,  ,  1.111 
codeium ; 0.029342651367187500, 0.019790649414062500, 0.004730224609375000,  ,  1.441 
codeium ; 0.029632568359375000, 0.020370483398437500, 0.004501342773437500,  ,  1.038 
codeium ; 0.023147583007812500, 0.018051147460937500, 0.001190185546875000,  ,  0.741 
codeium ; 0.019882202148437500, 0.015945434570312500, 0.000610351562500000,  ,  0.72 
codeium ; 0.000000000000000000, 0.000000000000000000, 0.000000000000000000,  ,  0.665 
codeium ; 0.019927978515625000, 0.016204833984375000, 0.000595092773437500,  ,  0.679 
codeium ; 0.020217895507812500, 0.016296386718750000, 0.000625610351562500,  ,  0.71 
codeium ; 0.000000000000000000, 0.015823364257812500, 0.000610351562500000,  ,  0.687 
codeium ; 0.000000000000000000, 0.000000000000000000, 0.000000000000000000,  ,  0.871 
codeium ; 0.023635864257812500, 0.019348144531250000, 0.000595092773437500,  ,  0.78 
codeium ; 0.019638061523437500, 0.015762329101562500, 0.000595092773437500,  ,  0.696 
codeium ; 0.019470214843750000, 0.016159057617187500, 0.000091552734375000,  ,  0.838 
codeium ; 0.000000000000000000, 0.000000000000000000, 0.000000000000000000,  ,  0.666 
codeium ; 0.019439697265625000, 0.016159057617187500, 0.000091552734375000,  ,  0.648 
codeium ; 0.022628784179687500, 0.018890380859375000, 0.000091552734375000,  ,  0.868 
codeium ; 0.025863647460937500, 0.020019531250000000, 0.001602172851562500,  ,  1.252 
codeium ; 0.057525634765625000, 0.041275024414062500, 0.006378173828125000,  ,  1.556 
codeium ; 0.029586791992187500, 0.020263671875000000, 0.004028320312500000,  ,  1.37 
codeium ; 0.028793334960937500, 0.019943237304687500, 0.004043579101562500,  ,  1.095 
codeium ; 0.027984619140625000, 0.018112182617187500, 0.005355834960937500,  ,  0.882 
codeium ; 0.022750854492187500, 0.015563964843750000, 0.003250122070312500,  ,  0.736 
codeium ; 0.019302368164062500, 0.015930175781250000, 0.000091552734375000,  ,  0.692 
codeium ; 0.000000000000000000, 0.000000000000000000, 0.000000000000000000,  ,  0.698 
codeium ; 0.019882202148437500, 0.016510009765625000, 0.000091552734375000,  ,  0.672 
codeium ; 0.019149780273437500, 0.015777587890625000, 0.000091552734375000,  ,  0.715 
codeium ; 0.023452758789062500, 0.019546508789062500, 0.000091552734375000,  ,  1.024 
codeium ; 0.000000000000000000, 0.000000000000000000, 0.000000000000000000,  ,  0.773 
codeium ; 0.019866943359375000, 0.016387939453125000, 0.000091552734375000,  ,  0.713 
codeium ; 0.019470214843750000, 0.016082763671875000, 0.000091552734375000,  ,  0.691 
codeium ; 0.000000000000000000, 0.000000000000000000, 0.000000000000000000,  ,  0.683 
codeium ; 0.019836425781250000, 0.016464233398437500, 0.000091552734375000,  ,  0.693 
codeium ; 0.020568847656250000, 0.017105102539062500, 0.000091552734375000,  ,  0.874 
codeium ; 0.024383544921875000, 0.020446777343750000, 0.000091552734375000,  ,  0.85 
codeium ; 0.022766113281250000, 0.018447875976562500, 0.000701904296875000,  ,  0.815 
codeium ; 0.029388427734375000, 0.020217895507812500, 0.003967285156250000,  ,  1.334 
codeium ; 0.026550292968750000, 0.021148681640625000, 0.001098632812500000,  ,  1.285 
codeium ; 0.060028076171875000, 0.041244506835937500, 0.008193969726562500,  ,  1.397 
codeium ; 0.027816772460937500, 0.018463134765625000, 0.004699707031250000,  ,  1.056 
codeium ; 0.024627685546875000, 0.015762329101562500, 0.004623413085937500,  ,  0.841 
codeium ; 0.000000000000000000, 0.000000000000000000, 0.000000000000000000,  ,  0.742 
codeium ; 0.020797729492187500, 0.016342163085937500, 0.000915527343750000,  ,  0.695 
codeium ; 0.018814086914062500, 0.015426635742187500, 0.000091552734375000,  ,  0.662 
codeium ; 0.000000000000000000, 0.000000000000000000, 0.000000000000000000,  ,  0.694 
codeium ; 0.020538330078125000, 0.017120361328125000, 0.000091552734375000,  ,  0.909 
codeium ; 0.023040771484375000, 0.019149780273437500, 0.000091552734375000,  ,  0.771 
codeium ; 0.018524169921875000, 0.015274047851562500, 0.000091552734375000,  ,  0.659 
codeium ; 0.000000000000000000, 0.000000000000000000, 0.000000000000000000,  ,  0.659 
codeium ; 0.019821166992187500, 0.016464233398437500, 0.000091552734375000,  ,  0.721 
codeium ; 0.019393920898437500, 0.016036987304687500, 0.000091552734375000,  ,  0.681 
chatGPT ; 0.019439697265625000, 0.015960693359375000, 0.000091552734375000,  ,  0.753 
chatGPT ; 0.019851684570312500, 0.016357421875000000, 0.000091552734375000,  ,  0.683 
chatGPT ; 0.019592285156250000, 0.016281127929687500, 0.000091552734375000,  ,  0.851 
chatGPT ; 0.000000000000000000, 0.000000000000000000, 0.000000000000000000,  ,  0.672 
chatGPT ; 0.020843505859375000, 0.017379760742187500, 0.000091552734375000,  ,  0.661 
chatGPT ; 0.018737792968750000, 0.015533447265625000, 0.000091552734375000,  ,  0.668 
chatGPT ; 0.000000000000000000, 0.000000000000000000, 0.000000000000000000,  ,  0.65 
chatGPT ; 0.020721435546875000, 0.017303466796875000, 0.000091552734375000,  ,  1.175 
chatGPT ; 0.052856445312500000, 0.042312622070312500, 0.002197265625000000,  ,  1.27 
chatGPT ; 0.028244018554687500, 0.020278930664062500, 0.003204345703125000,  ,  1.183 
chatGPT ; 0.027862548828125000, 0.020858764648437500, 0.002227783203125000,  ,  1.417 
chatGPT ; 0.060302734375000000, 0.041610717773437500, 0.008193969726562500,  ,  1.369 
chatGPT ; 0.029678344726562500, 0.019790649414062500, 0.005310058593750000,  ,  1.082 
chatGPT ; 0.027053833007812500, 0.019287109375000000, 0.003219604492187500,  ,  0.972 
chatGPT ; 0.019607543945312500, 0.016052246093750000, 0.000091552734375000,  ,  0.798 
chatGPT ; 0.000000000000000000, 0.000000000000000000, 0.000000000000000000,  ,  0.717 
chatGPT ; 0.020935058593750000, 0.017395019531250000, 0.000091552734375000,  ,  0.868 
chatGPT ; 0.021118164062500000, 0.017471313476562500, 0.000091552734375000,  ,  0.728 
chatGPT ; 0.019348144531250000, 0.016006469726562500, 0.000091552734375000,  ,  0.69 
chatGPT ; 0.000000000000000000, 0.000000000000000000, 0.000000000000000000,  ,  0.742 
chatGPT ; 0.019683837890625000, 0.016326904296875000, 0.000091552734375000,  ,  0.689 
chatGPT ; 0.019180297851562500, 0.015884399414062500, 0.000091552734375000,  ,  0.678 
chatGPT ; 0.000000000000000000, 0.000000000000000000, 0.000000000000000000,  ,  0.668 
chatGPT ; 0.020477294921875000, 0.017105102539062500, 0.000091552734375000,  ,  0.856 
chatGPT ; 0.021560668945312500, 0.017883300781250000, 0.000091552734375000,  ,  0.806 
chatGPT ; 0.020080566406250000, 0.016601562500000000, 0.000091552734375000,  ,  0.715 
chatGPT ; 0.000000000000000000, 0.000000000000000000, 0.000000000000000000,  ,  0.763 
chatGPT ; 0.023803710937500000, 0.019515991210937500, 0.000671386718750000,  ,  0.9 
chatGPT ; 0.080596923828125000, 0.058242797851562500, 0.008422851562500000,  ,  2.24 
chatGPT ; 0.031295776367187500, 0.021652221679687500, 0.004196166992187500,  ,  1.538 
chatGPT ; 0.028930664062500000, 0.019866943359375000, 0.004302978515625000,  ,  0.986 
chatGPT ; 0.024795532226562500, 0.015609741210937500, 0.005020141601562500,  ,  0.869 
chatGPT ; 0.021820068359375000, 0.015792846679687500, 0.002105712890625000,  ,  0.748 
chatGPT ; 0.000000000000000000, 0.000000000000000000, 0.000000000000000000,  ,  0.687 
chatGPT ; 0.019287109375000000, 0.015930175781250000, 0.000091552734375000,  ,  0.906 
chatGPT ; 0.022644042968750000, 0.018829345703125000, 0.000091552734375000,  ,  0.772 
chatGPT ; 0.019241333007812500, 0.015838623046875000, 0.000091552734375000,  ,  0.677 
chatGPT ; 0.000000000000000000, 0.000000000000000000, 0.000000000000000000,  ,  0.676 
chatGPT ; 0.019790649414062500, 0.016555786132812500, 0.000091552734375000,  ,  0.656 
chatGPT ; 0.018997192382812500, 0.015716552734375000, 0.000091552734375000,  ,  0.689 
chatGPT ; 0.022842407226562500, 0.019119262695312500, 0.000091552734375000,  ,  0.852 
chatGPT ; 0.000000000000000000, 0.000000000000000000, 0.000000000000000000,  ,  0.776 
chatGPT ; 0.020874023437500000, 0.017303466796875000, 0.000091552734375000,  ,  0.825 
chatGPT ; 0.019561767578125000, 0.016128540039062500, 0.000091552734375000,  ,  0.677 
chatGPT ; 0.019363403320312500, 0.016052246093750000, 0.000091552734375000,  ,  0.689 
chatGPT ; 0.000000000000000000, 0.000000000000000000, 0.000000000000000000,  ,  0.763 
chatGPT ; 0.025436401367187500, 0.019851684570312500, 0.001602172851562500,  ,  1.003 
chatGPT ; 0.053405761718750000, 0.040710449218750000, 0.003768920898437500,  ,  1.34 
chatGPT ; 0.029159545898437500, 0.021453857421875000, 0.002792358398437500,  ,  1.147 
chatGPT ; 0.029495239257812500, 0.020217895507812500, 0.004013061523437500,  ,  1.498 
chatGPT ; 0.029113769531250000, 0.019943237304687500, 0.004257202148437500,  ,  1.007 
chatGPT ; 0.026077270507812500, 0.016616821289062500, 0.005187988281250000,  ,  0.86 
chatGPT ; 0.024108886718750000, 0.017257690429687500, 0.002700805664062500,  ,  1.008 
chatGPT ; 0.020645141601562500, 0.016906738281250000, 0.000091552734375000,  ,  0.754 
chatGPT ; 0.018768310546875000, 0.015487670898437500, 0.000091552734375000,  ,  0.681 
chatGPT ; 0.000000000000000000, 0.000000000000000000, 0.000000000000000000,  ,  0.728 
chatGPT ; 0.019668579101562500, 0.016296386718750000, 0.000091552734375000,  ,  0.696 
chatGPT ; 0.018829345703125000, 0.015609741210937500, 0.000091552734375000,  ,  0.676 
chatGPT ; 0.000000000000000000, 0.000000000000000000, 0.000000000000000000,  ,  0.656 
chatGPT ; 0.019592285156250000, 0.016326904296875000, 0.000091552734375000,  ,  0.856 
chatGPT ; 0.022888183593750000, 0.018997192382812500, 0.000091552734375000,  ,  0.845 
chatGPT ; 0.018981933593750000, 0.015609741210937500, 0.000091552734375000,  ,  0.686 
chatGPT ; 0.000000000000000000, 0.000000000000000000, 0.000000000000000000,  ,  0.639 
chatGPT ; 0.019546508789062500, 0.016265869140625000, 0.000091552734375000,  ,  0.701 
chatGPT ; 0.025207519531250000, 0.019638061523437500, 0.001510620117187500,  ,  0.902 
chatGPT ; 0.025360107421875000, 0.017822265625000000, 0.002960205078125000,  ,  1.303 
chatGPT ; 0.054794311523437500, 0.042449951171875000, 0.003417968750000000,  ,  1.401 
chatGPT ; 0.029953002929687500, 0.020568847656250000, 0.004028320312500000,  ,  1.501 
chatGPT ; 0.028488159179687500, 0.019363403320312500, 0.004119873046875000,  ,  1.007 
chatGPT ; 0.025222778320312500, 0.015869140625000000, 0.005264282226562500,  ,  0.865 
chatGPT ; 0.026214599609375000, 0.018417358398437500, 0.003341674804687500,  ,  0.959 
chatGPT ; 0.020675659179687500, 0.016983032226562500, 0.000091552734375000,  ,  0.775 
chatGPT ; 0.000000000000000000, 0.000000000000000000, 0.000000000000000000,  ,  0.68 
chatGPT ; 0.000000000000000000, 0.000000000000000000, 0.000000000000000000,  ,  0.735 
chatGPT ; 0.019805908203125000, 0.016510009765625000, 0.000091552734375000,  ,  0.695 
chatGPT ; 0.019592285156250000, 0.016311645507812500, 0.000091552734375000,  ,  0.687 
chatGPT ; 0.000000000000000000, 0.000000000000000000, 0.000000000000000000,  ,  0.683 
chatGPT ; 0.021041870117187500, 0.017562866210937500, 0.000091552734375000,  ,  0.854 
chatGPT ; 0.021942138671875000, 0.018249511718750000, 0.000091552734375000,  ,  0.831 
chatGPT ; 0.020309448242187500, 0.016799926757812500, 0.000091552734375000,  ,  0.715 
chatGPT ; 0.000000000000000000, 0.000000000000000000, 0.000000000000000000,  ,  0.706 
chatGPT ; 0.019271850585937500, 0.015991210937500000, 0.000091552734375000,  ,  0.764 
chatGPT ; 0.020874023437500000, 0.017425537109375000, 0.000091552734375000,  ,  0.87 
chatGPT ; 0.027938842773437500, 0.019165039062500000, 0.003723144531250000,  ,  1.256 
chatGPT ; 0.027389526367187500, 0.021621704101562500, 0.001464843750000000,  ,  1.027 
chatGPT ; 0.054809570312500000, 0.041549682617187500, 0.004043579101562500,  ,  1.283 
chatGPT ; 0.029006958007812500, 0.019897460937500000, 0.003936767578125000,  ,  1.279 
chatGPT ; 0.028198242187500000, 0.018814086914062500, 0.004638671875000000,  ,  1.158 
chatGPT ; 0.025817871093750000, 0.016769409179687500, 0.004714965820312500,  ,  0.914 
chatGPT ; 0.021148681640625000, 0.015777587890625000, 0.001678466796875000,  ,  0.757 
chatGPT ; 0.000000000000000000, 0.000000000000000000, 0.000000000000000000,  ,  0.705 
chatGPT ; 0.019363403320312500, 0.016082763671875000, 0.000091552734375000,  ,  0.821 
chatGPT ; 0.021072387695312500, 0.017608642578125000, 0.000091552734375000,  ,  0.849 
chatGPT ; 0.024078369140625000, 0.020095825195312500, 0.000091552734375000,  ,  0.924 
chatGPT ; 0.019989013671875000, 0.016464233398437500, 0.000091552734375000,  ,  0.803 
chatGPT ; 0.000000000000000000, 0.000000000000000000, 0.000000000000000000,  ,  0.709 
chatGPT ; 0.000000000000000000, 0.000000000000000000, 0.000000000000000000,  ,  0.719 
chatGPT ; 0.020050048828125000, 0.016708374023437500, 0.000091552734375000,  ,  0.702 
chatGPT ; 0.018371582031250000, 0.015167236328125000, 0.000091552734375000,  ,  0.71 
chatGPT ; 0.000000000000000000, 0.000000000000000000, 0.000000000000000000,  ,  0.694 
rosetta ; 0.019439697265625000, 0.015945434570312500, 0.000091552734375000,  ,  0.781 
rosetta ; 0.019424438476562500, 0.015991210937500000, 0.000091552734375000,  ,  0.684 
rosetta ; 0.000000000000000000, 0.000000000000000000, 0.000000000000000000,  ,  0.66 
rosetta ; 0.019363403320312500, 0.016082763671875000, 0.000000000000000000,  ,  0.676 
rosetta ; 0.019866943359375000, 0.016494750976562500, 0.000091552734375000,  ,  0.72 
rosetta ; 0.023941040039062500, 0.019546508789062500, 0.000671386718750000,  ,  1.223 
rosetta ; 0.029281616210937500, 0.020126342773437500, 0.006484985351562500,  ,  1.453 
rosetta ; 0.029769897460937500, 0.020355224609375000, 0.004058837890625000,  ,  1.494 
rosetta ; 0.029495239257812500, 0.020538330078125000, 0.004013061523437500,  ,  1.152 
rosetta ; 0.026123046875000000, 0.016464233398437500, 0.005371093750000000,  ,  0.836 
rosetta ; 0.025650024414062500, 0.018249511718750000, 0.003021240234375000,  ,  1.245 
rosetta ; 0.053375244140625000, 0.045318603515625000, 0.000183105468750000,  ,  1.382 
rosetta ; 0.026199340820312500, 0.022262573242187500, 0.000091552734375000,  ,  1.074 
rosetta ; 0.027969360351562500, 0.023834228515625000, 0.000091552734375000,  ,  1.216 
rosetta ; 0.052856445312500000, 0.045013427734375000, 0.000183105468750000,  ,  1.768 
rosetta ; 0.025726318359375000, 0.021713256835937500, 0.000091552734375000,  ,  1.148 
rosetta ; 0.023910522460937500, 0.020324707031250000, 0.000091552734375000,  ,  0.828 
rosetta ; 0.000000000000000000, 0.000000000000000000, 0.000000000000000000,  ,  0.728 
rosetta ; 0.022018432617187500, 0.018417358398437500, 0.000091552734375000,  ,  0.754 
rosetta ; 0.022140502929687500, 0.018386840820312500, 0.000091552734375000,  ,  0.987 
rosetta ; 0.026275634765625000, 0.019378662109375000, 0.002365112304687500,  ,  0.989 
rosetta ; 0.022247314453125000, 0.016082763671875000, 0.002151489257812500,  ,  1.063 
rosetta ; 0.026168823242187500, 0.020736694335937500, 0.001403808593750000,  ,  1.242 
rosetta ; 0.058227539062500000, 0.042449951171875000, 0.005798339843750000,  ,  1.446 
rosetta ; 0.028701782226562500, 0.019805908203125000, 0.003921508789062500,  ,  1.106 
rosetta ; 0.028930664062500000, 0.019180297851562500, 0.005142211914062500,  ,  1.112 
rosetta ; 0.025802612304687500, 0.017272949218750000, 0.004089355468750000,  ,  0.831 
rosetta ; 0.019500732421875000, 0.016036987304687500, 0.000091552734375000,  ,  0.742 
rosetta ; 0.000000000000000000, 0.000000000000000000, 0.000000000000000000,  ,  0.698 
rosetta ; 0.019927978515625000, 0.016586303710937500, 0.000091552734375000,  ,  0.669 
rosetta ; 0.021545410156250000, 0.017852783203125000, 0.000091552734375000,  ,  1.12 
rosetta ; 0.020904541015625000, 0.017211914062500000, 0.000091552734375000,  ,  0.722 
rosetta ; 0.019302368164062500, 0.016006469726562500, 0.000091552734375000,  ,  0.691 
rosetta ; 0.000000000000000000, 0.000000000000000000, 0.000000000000000000,  ,  0.668 
rosetta ; 0.020919799804687500, 0.017501831054687500, 0.000091552734375000,  ,  0.766 
rosetta ; 0.024246215820312500, 0.020660400390625000, 0.000091552734375000,  ,  0.761 
rosetta ; 0.023727416992187500, 0.019744873046875000, 0.000091552734375000,  ,  0.983 
rosetta ; 0.022567749023437500, 0.018905639648437500, 0.000091552734375000,  ,  0.801 
rosetta ; 0.000000000000000000, 0.000000000000000000, 0.000000000000000000,  ,  1.006 
rosetta ; 0.026428222656250000, 0.020904541015625000, 0.001464843750000000,  ,  1.259 
rosetta ; 0.028656005859375000, 0.020370483398437500, 0.003265380859375000,  ,  1.407 
rosetta ; 0.058959960937500000, 0.040359497070312500, 0.008438110351562500,  ,  1.491 
rosetta ; 0.025604248046875000, 0.016418457031250000, 0.004898071289062500,  ,  0.949 
rosetta ; 0.000000000000000000, 0.000000000000000000, 0.000000000000000000,  ,  0.804 
rosetta ; 0.022933959960937500, 0.016769409179687500, 0.002243041992187500,  ,  0.725 
rosetta ; 0.019210815429687500, 0.015853881835937500, 0.000091552734375000,  ,  0.684 
rosetta ; 0.000000000000000000, 0.016052246093750000, 0.000091552734375000,  ,  0.683 
rosetta ; 0.000000000000000000, 0.000000000000000000, 0.000000000000000000,  ,  0.701 
rosetta ; 0.021133422851562500, 0.017639160156250000, 0.000091552734375000,  ,  0.986 
rosetta ; 0.021286010742187500, 0.017562866210937500, 0.000091552734375000,  ,  0.699 
rosetta ; 0.018875122070312500, 0.015625000000000000, 0.000091552734375000,  ,  0.666 
rosetta ; 0.000000000000000000, 0.000000000000000000, 0.000000000000000000,  ,  0.661 
rosetta ; 0.019638061523437500, 0.016311645507812500, 0.000091552734375000,  ,  0.662 
rosetta ; 0.019454956054687500, 0.016128540039062500, 0.000091552734375000,  ,  0.671 
rosetta ; 0.000000000000000000, 0.000000000000000000, 0.000000000000000000,  ,  0.662 
rosetta ; 0.019042968750000000, 0.015777587890625000, 0.000091552734375000,  ,  0.647 
rosetta ; 0.022720336914062500, 0.018981933593750000, 0.000091552734375000,  ,  0.878 
rosetta ; 0.024734497070312500, 0.019470214843750000, 0.001266479492187500,  ,  0.828 
rosetta ; 0.026199340820312500, 0.018081665039062500, 0.003341674804687500,  ,  1.141 
rosetta ; 0.025527954101562500, 0.020385742187500000, 0.001220703125000000,  ,  1.585 
rosetta ; 0.059417724609375000, 0.040878295898437500, 0.008026123046875000,  ,  1.406 
rosetta ; 0.029998779296875000, 0.020492553710937500, 0.004638671875000000,  ,  1.211 
rosetta ; 0.026046752929687500, 0.016921997070312500, 0.004760742187500000,  ,  0.867 
rosetta ; 0.020874023437500000, 0.015792846679687500, 0.001419067382812500,  ,  0.744 
rosetta ; 0.000000000000000000, 0.000000000000000000, 0.000000000000000000,  ,  0.673 
rosetta ; 0.019531250000000000, 0.016159057617187500, 0.000091552734375000,  ,  0.655 
rosetta ; 0.021392822265625000, 0.016693115234375000, 0.001235961914062500,  ,  0.936 
rosetta ; 0.022964477539062500, 0.019149780273437500, 0.000091552734375000,  ,  0.893 
rosetta ; 0.000000000000000000, 0.000000000000000000, 0.000000000000000000,  ,  0.734 
rosetta ; 0.020248413085937500, 0.016754150390625000, 0.000091552734375000,  ,  0.679 
rosetta ; 0.018737792968750000, 0.015518188476562500, 0.000091552734375000,  ,  0.719 
rosetta ; 0.000000000000000000, 0.016647338867187500, 0.000091552734375000,  ,  0.854 
rosetta ; 0.000000000000000000, 0.000000000000000000, 0.000000000000000000,  ,  0.72 
rosetta ; 0.018875122070312500, 0.015563964843750000, 0.000091552734375000,  ,  0.677 
rosetta ; 0.021392822265625000, 0.017822265625000000, 0.000091552734375000,  ,  0.99 
rosetta ; 0.025619506835937500, 0.019119262695312500, 0.002059936523437500,  ,  1.06 
rosetta ; 0.022277832031250000, 0.015563964843750000, 0.002563476562500000,  ,  0.842 
rosetta ; 0.022399902343750000, 0.018661499023437500, 0.000091552734375000,  ,  1.099 
rosetta ; 0.027221679687500000, 0.021865844726562500, 0.001022338867187500,  ,  1.311 
rosetta ; 0.060623168945312500, 0.041580200195312500, 0.008392333984375000,  ,  1.528 
rosetta ; 0.028472900390625000, 0.019058227539062500, 0.004867553710937500,  ,  1.013 
rosetta ; 0.024337768554687500, 0.015563964843750000, 0.004470825195312500,  ,  0.804 
rosetta ; 0.000000000000000000, 0.000000000000000000, 0.000000000000000000,  ,  0.751 
rosetta ; 0.020355224609375000, 0.016128540039062500, 0.000778198242187500,  ,  0.696 
rosetta ; 0.019714355468750000, 0.016342163085937500, 0.000091552734375000,  ,  0.874 
rosetta ; 0.022262573242187500, 0.018493652343750000, 0.000091552734375000,  ,  0.991 
rosetta ; 0.019958496093750000, 0.016357421875000000, 0.000091552734375000,  ,  0.783 
rosetta ; 0.000000000000000000, 0.000000000000000000, 0.000000000000000000,  ,  0.707 
rosetta ; 0.019622802734375000, 0.016235351562500000, 0.000091552734375000,  ,  0.667 
rosetta ; 0.018844604492187500, 0.015655517578125000, 0.000091552734375000,  ,  0.662 
rosetta ; 0.000000000000000000, 0.000000000000000000, 0.000000000000000000,  ,  0.662 
rosetta ; 0.000000000000000000, 0.000000000000000000, 0.000000000000000000,  ,  0.895 
rosetta ; 0.022689819335937500, 0.018844604492187500, 0.000091552734375000,  ,  0.736 
rosetta ; 0.021530151367187500, 0.017868041992187500, 0.000091552734375000,  ,  1.087 
rosetta ; 0.057479858398437500, 0.042663574218750000, 0.005355834960937500,  ,  1.76 
rosetta ; 0.025894165039062500, 0.021591186523437500, 0.000091552734375000,  ,  1.475 
rosetta ; 0.060073852539062500, 0.041687011718750000, 0.007675170898437500,  ,  1.636 
rosetta ; 0.029312133789062500, 0.020034790039062500, 0.004440307617187500,  ,  1.068 
rosetta ; 0.026672363281250000, 0.017425537109375000, 0.004898071289062500,  ,  0.886 
rosetta ; 0.021865844726562500, 0.016067504882812500, 0.001922607421875000,  ,  0.776 
theAlgorithms ; 0.030975341796875000, 0.021133422851562500, 0.004318237304687500,  ,  1.497 
theAlgorithms ; 0.029678344726562500, 0.020660400390625000, 0.003921508789062500,  ,  0.975 
theAlgorithms ; 0.024917602539062500, 0.015701293945312500, 0.005004882812500000,  ,  0.839 
theAlgorithms ; 0.024169921875000000, 0.015563964843750000, 0.004455566406250000,  ,  0.815 
theAlgorithms ; 0.020797729492187500, 0.016403198242187500, 0.000854492187500000,  ,  0.948 
theAlgorithms ; 0.023971557617187500, 0.020050048828125000, 0.000091552734375000,  ,  1.159 
theAlgorithms ; 0.025741577148437500, 0.021575927734375000, 0.000091552734375000,  ,  0.99 
theAlgorithms ; 0.020812988281250000, 0.017150878906250000, 0.000091552734375000,  ,  0.833 
theAlgorithms ; 0.019531250000000000, 0.016250610351562500, 0.000091552734375000,  ,  0.778 
theAlgorithms ; 0.000000000000000000, 0.000000000000000000, 0.000000000000000000,  ,  0.704 
theAlgorithms ; 0.020721435546875000, 0.017257690429687500, 0.000091552734375000,  ,  0.677 
theAlgorithms ; 0.021896362304687500, 0.018234252929687500, 0.000091552734375000,  ,  0.892 
theAlgorithms ; 0.019821166992187500, 0.016326904296875000, 0.000091552734375000,  ,  0.721 
theAlgorithms ; 0.000000000000000000, 0.000000000000000000, 0.000000000000000000,  ,  0.685 
theAlgorithms ; 0.021972656250000000, 0.018371582031250000, 0.000091552734375000,  ,  0.804 
theAlgorithms ; 0.025588989257812500, 0.018875122070312500, 0.002365112304687500,  ,  0.896 
theAlgorithms ; 0.022155761718750000, 0.015884399414062500, 0.002258300781250000,  ,  0.963 
theAlgorithms ; 0.025985717773437500, 0.020721435546875000, 0.001235961914062500,  ,  1.283 
theAlgorithms ; 0.058639526367187500, 0.042007446289062500, 0.006484985351562500,  ,  1.512 
theAlgorithms ; 0.028976440429687500, 0.019805908203125000, 0.004226684570312500,  ,  1.316 
theAlgorithms ; 0.026763916015625000, 0.016906738281250000, 0.005432128906250000,  ,  0.839 
theAlgorithms ; 0.022460937500000000, 0.015823364257812500, 0.002700805664062500,  ,  0.784 
theAlgorithms ; 0.022872924804687500, 0.019012451171875000, 0.000091552734375000,  ,  0.965 
theAlgorithms ; 0.000000000000000000, 0.000000000000000000, 0.000000000000000000,  ,  0.731 
theAlgorithms ; 0.019638061523437500, 0.016235351562500000, 0.000091552734375000,  ,  0.697 
theAlgorithms ; 0.019241333007812500, 0.015914916992187500, 0.000091552734375000,  ,  0.702 
theAlgorithms ; 0.019989013671875000, 0.016632080078125000, 0.000091552734375000,  ,  0.76 
theAlgorithms ; 0.000000000000000000, 0.000000000000000000, 0.000000000000000000,  ,  0.709 
theAlgorithms ; 0.019042968750000000, 0.015731811523437500, 0.000091552734375000,  ,  0.656 
theAlgorithms ; 0.021697998046875000, 0.018051147460937500, 0.000091552734375000,  ,  0.926 
theAlgorithms ; 0.020462036132812500, 0.016860961914062500, 0.000091552734375000,  ,  0.748 
theAlgorithms ; 0.000000000000000000, 0.000000000000000000, 0.000000000000000000,  ,  0.673 
theAlgorithms ; 0.020019531250000000, 0.016662597656250000, 0.000091552734375000,  ,  0.75 
theAlgorithms ; 0.021881103515625000, 0.017837524414062500, 0.000656127929687500,  ,  0.783 
theAlgorithms ; 0.026535034179687500, 0.017593383789062500, 0.003967285156250000,  ,  0.915 
theAlgorithms ; 0.026626586914062500, 0.021301269531250000, 0.001266479492187500,  ,  1.149 
theAlgorithms ; 0.024795532226562500, 0.020675659179687500, 0.000091552734375000,  ,  1.156 
theAlgorithms ; 0.030395507812500000, 0.020660400390625000, 0.004302978515625000,  ,  1.246 
theAlgorithms ; 0.029266357421875000, 0.020263671875000000, 0.003906250000000000,  ,  1.102 
theAlgorithms ; 0.026992797851562500, 0.017532348632812500, 0.004943847656250000,  ,  0.842 
theAlgorithms ; 0.025314331054687500, 0.016281127929687500, 0.004699707031250000,  ,  0.876 
theAlgorithms ; 0.022033691406250000, 0.017410278320312500, 0.000900268554687500,  ,  0.972 
theAlgorithms ; 0.021820068359375000, 0.018112182617187500, 0.000091552734375000,  ,  0.816 
theAlgorithms ; 0.000000000000000000, 0.015869140625000000, 0.000091552734375000,  ,  0.673 
theAlgorithms ; 0.000000000000000000, 0.000000000000000000, 0.000000000000000000,  ,  0.684 
theAlgorithms ; 0.020950317382812500, 0.017501831054687500, 0.000091552734375000,  ,  0.733 
theAlgorithms ; 0.018692016601562500, 0.015472412109375000, 0.000091552734375000,  ,  0.685 
theAlgorithms ; 0.000000000000000000, 0.000000000000000000, 0.000000000000000000,  ,  0.673 
theAlgorithms ; 0.019973754882812500, 0.016632080078125000, 0.000091552734375000,  ,  0.851 
theAlgorithms ; 0.022888183593750000, 0.019134521484375000, 0.000091552734375000,  ,  0.75 
theAlgorithms ; 0.019821166992187500, 0.016357421875000000, 0.000091552734375000,  ,  0.717 
theAlgorithms ; 0.000000000000000000, 0.000000000000000000, 0.000000000000000000,  ,  0.683 
theAlgorithms ; 0.020050048828125000, 0.016677856445312500, 0.000091552734375000,  ,  0.666 
theAlgorithms ; 0.019973754882812500, 0.016616821289062500, 0.000091552734375000,  ,  0.695 
theAlgorithms ; 0.027313232421875000, 0.020553588867187500, 0.002212524414062500,  ,  1.321 
theAlgorithms ; 0.029144287109375000, 0.020858764648437500, 0.007614135742187500,  ,  1.517 
theAlgorithms ; 0.029647827148437500, 0.020599365234375000, 0.004013061523437500,  ,  1.598 
theAlgorithms ; 0.027938842773437500, 0.018218994140625000, 0.005020141601562500,  ,  0.859 
theAlgorithms ; 0.024276733398437500, 0.015548706054687500, 0.004486083984375000,  ,  0.824 
theAlgorithms ; 0.019744873046875000, 0.015625000000000000, 0.000778198242187500,  ,  0.733 
theAlgorithms ; 0.000000000000000000, 0.000000000000000000, 0.000000000000000000,  ,  0.875 
theAlgorithms ; 0.024261474609375000, 0.020217895507812500, 0.000091552734375000,  ,  0.71 
theAlgorithms ; 0.018829345703125000, 0.015457153320312500, 0.000091552734375000,  ,  0.699 
theAlgorithms ; 0.019683837890625000, 0.016296386718750000, 0.000091552734375000,  ,  0.745 
theAlgorithms ; 0.000000000000000000, 0.000000000000000000, 0.000000000000000000,  ,  0.679 
theAlgorithms ; 0.019165039062500000, 0.015899658203125000, 0.000091552734375000,  ,  0.658 
theAlgorithms ; 0.018646240234375000, 0.015441894531250000, 0.000091552734375000,  ,  0.657 
theAlgorithms ; 0.000000000000000000, 0.000000000000000000, 0.000000000000000000,  ,  0.841 
theAlgorithms ; 0.022888183593750000, 0.019073486328125000, 0.000091552734375000,  ,  0.704 
theAlgorithms ; 0.020477294921875000, 0.017013549804687500, 0.000091552734375000,  ,  0.733 
theAlgorithms ; 0.019546508789062500, 0.016128540039062500, 0.000091552734375000,  ,  0.721 
theAlgorithms ; 0.000000000000000000, 0.000000000000000000, 0.000000000000000000,  ,  0.677 
theAlgorithms ; 0.019409179687500000, 0.016143798828125000, 0.000091552734375000,  ,  0.672 
theAlgorithms ; 0.022857666015625000, 0.018707275390625000, 0.000656127929687500,  ,  0.78 
theAlgorithms ; 0.029510498046875000, 0.020248413085937500, 0.004013061523437500,  ,  1.454 
theAlgorithms ; 0.026641845703125000, 0.021087646484375000, 0.001327514648437500,  ,  1.344 
theAlgorithms ; 0.059677124023437500, 0.040893554687500000, 0.008209228515625000,  ,  1.524 
theAlgorithms ; 0.026611328125000000, 0.017364501953125000, 0.004867553710937500,  ,  0.921 
theAlgorithms ; 0.028335571289062500, 0.018844604492187500, 0.004760742187500000,  ,  1.13 
theAlgorithms ; 0.020309448242187500, 0.015701293945312500, 0.000991821289062500,  ,  0.774 
theAlgorithms ; 0.000000000000000000, 0.000000000000000000, 0.000000000000000000,  ,  0.694 
theAlgorithms ; 0.000000000000000000, 0.000000000000000000, 0.000000000000000000,  ,  0.696 
theAlgorithms ; 0.019104003906250000, 0.015838623046875000, 0.000091552734375000,  ,  0.75 
theAlgorithms ; 0.018951416015625000, 0.015563964843750000, 0.000091552734375000,  ,  0.682 
theAlgorithms ; 0.000000000000000000, 0.000000000000000000, 0.000000000000000000,  ,  0.699 
theAlgorithms ; 0.020324707031250000, 0.016952514648437500, 0.000091552734375000,  ,  0.911 
theAlgorithms ; 0.021896362304687500, 0.018127441406250000, 0.000091552734375000,  ,  0.75 
theAlgorithms ; 0.020294189453125000, 0.016845703125000000, 0.000091552734375000,  ,  0.712 
theAlgorithms ; 0.000000000000000000, 0.000000000000000000, 0.000000000000000000,  ,  0.738 
theAlgorithms ; 0.020278930664062500, 0.016906738281250000, 0.000091552734375000,  ,  0.699 
theAlgorithms ; 0.018890380859375000, 0.015594482421875000, 0.000091552734375000,  ,  0.695 
theAlgorithms ; 0.019409179687500000, 0.016113281250000000, 0.000091552734375000,  ,  0.692 
theAlgorithms ; 0.000000000000000000, 0.000000000000000000, 0.000000000000000000,  ,  0.981 
theAlgorithms ; 0.029281616210937500, 0.020401000976562500, 0.003707885742187500,  ,  1.396 
theAlgorithms ; 0.027084350585937500, 0.021286010742187500, 0.001495361328125000,  ,  1.386 
theAlgorithms ; 0.059799194335937500, 0.040924072265625000, 0.008270263671875000,  ,  1.527 
theAlgorithms ; 0.030364990234375000, 0.020599365234375000, 0.004837036132812500,  ,  1.356 
theAlgorithms ; 0.029541015625000000, 0.020263671875000000, 0.004638671875000000,  ,  0.93 
theAlgorithms ; 0.021240234375000000, 0.016571044921875000, 0.001022338867187500,  ,  0.774 
theAlgorithms ; 0.018875122070312500, 0.015518188476562500, 0.000091552734375000,  ,  0.864 
copilot ; 0.030090332031250000, 0.020126342773437500, 0.005325317382812500,  ,  1.157 
copilot ; 0.029342651367187500, 0.021072387695312500, 0.003280639648437500,  ,  1.154 
copilot ; 0.021896362304687500, 0.016998291015625000, 0.001144409179687500,  ,  0.851 
copilot ; 0.000000000000000000, 0.000000000000000000, 0.000000000000000000,  ,  0.689 
copilot ; 0.018402099609375000, 0.015090942382812500, 0.000000000000000000,  ,  0.686 
copilot ; 0.019393920898437500, 0.016128540039062500, 0.000091552734375000,  ,  0.67 
copilot ; 0.021774291992187500, 0.018051147460937500, 0.000091552734375000,  ,  0.956 
copilot ; 0.019638061523437500, 0.016098022460937500, 0.000091552734375000,  ,  0.8 
copilot ; 0.000000000000000000, 0.000000000000000000, 0.000000000000000000,  ,  0.68 
copilot ; 0.019210815429687500, 0.015930175781250000, 0.000091552734375000,  ,  0.661 
copilot ; 0.018920898437500000, 0.015731811523437500, 0.000091552734375000,  ,  0.663 
copilot ; 0.000000000000000000, 0.000000000000000000, 0.000000000000000000,  ,  0.658 
copilot ; 0.020568847656250000, 0.017135620117187500, 0.000091552734375000,  ,  0.937 
copilot ; 0.022903442382812500, 0.019042968750000000, 0.000091552734375000,  ,  0.743 
copilot ; 0.023132324218750000, 0.018844604492187500, 0.000656127929687500,  ,  1.173 
copilot ; 0.028945922851562500, 0.019989013671875000, 0.003768920898437500,  ,  1.209 
copilot ; 0.026214599609375000, 0.021270751953125000, 0.000793457031250000,  ,  1.069 
copilot ; 0.056823730468750000, 0.042678833007812500, 0.004730224609375000,  ,  1.495 
copilot ; 0.029571533203125000, 0.020401000976562500, 0.003906250000000000,  ,  1.212 
copilot ; 0.028915405273437500, 0.019500732421875000, 0.004638671875000000,  ,  0.913 
copilot ; 0.024291992187500000, 0.015472412109375000, 0.004699707031250000,  ,  0.849 
copilot ; 0.021514892578125000, 0.016067504882812500, 0.001754760742187500,  ,  0.772 
copilot ; 0.000000000000000000, 0.000000000000000000, 0.000000000000000000,  ,  0.691 
copilot ; 0.020523071289062500, 0.017059326171875000, 0.000091552734375000,  ,  0.947 
copilot ; 0.020812988281250000, 0.017150878906250000, 0.000091552734375000,  ,  0.729 
copilot ; 0.020080566406250000, 0.016571044921875000, 0.000091552734375000,  ,  0.758 
copilot ; 0.000000000000000000, 0.000000000000000000, 0.000000000000000000,  ,  0.702 
copilot ; 0.019577026367187500, 0.016235351562500000, 0.000091552734375000,  ,  0.689 
copilot ; 0.018692016601562500, 0.015441894531250000, 0.000091552734375000,  ,  0.682 
copilot ; 0.000000000000000000, 0.000000000000000000, 0.000000000000000000,  ,  0.682 
copilot ; 0.019577026367187500, 0.016311645507812500, 0.000000000000000000,  ,  0.921 
copilot ; 0.022232055664062500, 0.018386840820312500, 0.000091552734375000,  ,  0.819 
copilot ; 0.020751953125000000, 0.017196655273437500, 0.000091552734375000,  ,  0.83 
copilot ; 0.025650024414062500, 0.018539428710937500, 0.002700805664062500,  ,  0.872 
copilot ; 0.022033691406250000, 0.016265869140625000, 0.001815795898437500,  ,  0.844 
copilot ; 0.025924682617187500, 0.020690917968750000, 0.001251220703125000,  ,  1.312 
copilot ; 0.027236938476562500, 0.021514892578125000, 0.001281738281250000,  ,  1.397 
copilot ; 0.058639526367187500, 0.040161132812500000, 0.003921508789062500,  ,  1.351 
copilot ; 0.025573730468750000, 0.016189575195312500, 0.005065917968750000,  ,  0.933 
copilot ; 0.025222778320312500, 0.016387939453125000, 0.004516601562500000,  ,  0.783 
copilot ; 0.000000000000000000, 0.000000000000000000, 0.000000000000000000,  ,  0.722 
copilot ; 0.020996093750000000, 0.016876220703125000, 0.000595092773437500,  ,  0.955 
copilot ; 0.021438598632812500, 0.017730712890625000, 0.000091552734375000,  ,  0.73 
copilot ; 0.018890380859375000, 0.015502929687500000, 0.000091552734375000,  ,  0.73 
copilot ; 0.000000000000000000, 0.000000000000000000, 0.000000000000000000,  ,  0.689 
copilot ; 0.019958496093750000, 0.016555786132812500, 0.000091552734375000,  ,  0.67 
copilot ; 0.018859863281250000, 0.015625000000000000, 0.000091552734375000,  ,  0.67 
copilot ; 0.000000000000000000, 0.000000000000000000, 0.000000000000000000,  ,  0.718 
copilot ; 0.020324707031250000, 0.016937255859375000, 0.000091552734375000,  ,  1.086 
copilot ; 0.022354125976562500, 0.018524169921875000, 0.000091552734375000,  ,  0.753 
copilot ; 0.019226074218750000, 0.015853881835937500, 0.000091552734375000,  ,  0.673 
copilot ; 0.021377563476562500, 0.017913818359375000, 0.000091552734375000,  ,  0.78 
copilot ; 0.025695800781250000, 0.017364501953125000, 0.003616333007812500,  ,  1.24 
copilot ; 0.055999755859375000, 0.041870117187500000, 0.004745483398437500,  ,  1.788 
copilot ; 0.029235839843750000, 0.020004272460937500, 0.003982543945312500,  ,  1.506 
copilot ; 0.029342651367187500, 0.019927978515625000, 0.004470825195312500,  ,  1.011 
copilot ; 0.025238037109375000, 0.015975952148437500, 0.005035400390625000,  ,  0.853 
copilot ; 0.021789550781250000, 0.015777587890625000, 0.002243041992187500,  ,  0.776 
copilot ; 0.019104003906250000, 0.015823364257812500, 0.000091552734375000,  ,  0.689 
copilot ; 0.000000000000000000, 0.000000000000000000, 0.000000000000000000,  ,  0.931 
copilot ; 0.022369384765625000, 0.000000000000000000, 0.000000000000000000,  ,  0.816 
copilot ; 0.019882202148437500, 0.016418457031250000, 0.000091552734375000,  ,  0.691 
copilot ; 0.019409179687500000, 0.016082763671875000, 0.000091552734375000,  ,  0.669 
copilot ; 0.000000000000000000, 0.000000000000000000, 0.000000000000000000,  ,  0.7 
copilot ; 0.019653320312500000, 0.016372680664062500, 0.000091552734375000,  ,  0.687 
copilot ; 0.022628784179687500, 0.018920898437500000, 0.000091552734375000,  ,  0.874 
copilot ; 0.019775390625000000, 0.016311645507812500, 0.000091552734375000,  ,  0.783 
copilot ; 0.000000000000000000, 0.000000000000000000, 0.000000000000000000,  ,  0.673 
copilot ; 0.020248413085937500, 0.016799926757812500, 0.000091552734375000,  ,  0.661 
copilot ; 0.019546508789062500, 0.016159057617187500, 0.000091552734375000,  ,  0.668 
copilot ; 0.000000000000000000, 0.000000000000000000, 0.000000000000000000,  ,  0.779 
copilot ; 0.027038574218750000, 0.018478393554687500, 0.003646850585937500,  ,  1.182 
copilot ; 0.027526855468750000, 0.021850585937500000, 0.001419067382812500,  ,  1.23 
copilot ; 0.028869628906250000, 0.021011352539062500, 0.002853393554687500,  ,  1.454 
copilot ; 0.056930541992187500, 0.038681030273437500, 0.008255004882812500,  ,  1.166 
copilot ; 0.000000000000000000, 0.000000000000000000, 0.000000000000000000,  ,  0.838 
copilot ; 0.025756835937500000, 0.016311645507812500, 0.005218505859375000,  ,  0.817 
copilot ; 0.024200439453125000, 0.017517089843750000, 0.002532958984375000,  ,  0.926 
copilot ; 0.021118164062500000, 0.017425537109375000, 0.000091552734375000,  ,  0.781 
copilot ; 0.020065307617187500, 0.016601562500000000, 0.000091552734375000,  ,  0.724 
copilot ; 0.000000000000000000, 0.000000000000000000, 0.000000000000000000,  ,  0.692 
copilot ; 0.019607543945312500, 0.016326904296875000, 0.000091552734375000,  ,  0.696 
copilot ; 0.019195556640625000, 0.015899658203125000, 0.000091552734375000,  ,  0.7 
copilot ; 0.000000000000000000, 0.000000000000000000, 0.000000000000000000,  ,  0.677 
copilot ; 0.019775390625000000, 0.016433715820312500, 0.000091552734375000,  ,  0.986 
copilot ; 0.025177001953125000, 0.021179199218750000, 0.000091552734375000,  ,  0.803 
copilot ; 0.019439697265625000, 0.015960693359375000, 0.000091552734375000,  ,  0.696 
copilot ; 0.019226074218750000, 0.015945434570312500, 0.000091552734375000,  ,  0.734 
copilot ; 0.000000000000000000, 0.000000000000000000, 0.000000000000000000,  ,  0.7 
copilot ; 0.020202636718750000, 0.016693115234375000, 0.000091552734375000,  ,  0.894 
copilot ; 0.054183959960937500, 0.039871215820312500, 0.005279541015625000,  ,  2.143 
copilot ; 0.052307128906250000, 0.037689208984375000, 0.005218505859375000,  ,  1.438 
copilot ; 0.030502319335937500, 0.021148681640625000, 0.004165649414062500,  ,  1.194 
copilot ; 0.025955200195312500, 0.016586303710937500, 0.005050659179687500,  ,  0.861 
copilot ; 0.023727416992187500, 0.015380859375000000, 0.004241943359375000,  ,  0.922 
copilot ; 0.024429321289062500, 0.019821166992187500, 0.000640869140625000,  ,  0.991 
copilot ; 0.019729614257812500, 0.016311645507812500, 0.000091552734375000,  ,  0.843 
copilot ; 0.000000000000000000, 0.000000000000000000, 0.000000000000000000,  ,  0.708 
copilot ; 0.019821166992187500, 0.016448974609375000, 0.000091552734375000,  ,  0.679 
copilot ; 0.018692016601562500, 0.015472412109375000, 0.000091552734375000,  ,  0.691 
gemini ; 0.023208618164062500, 0.016464233398437500, 0.002655029296875000,  ,  0.811 
gemini ; 0.019805908203125000, 0.016372680664062500, 0.000091552734375000,  ,  0.708 
gemini ; 0.019348144531250000, 0.016067504882812500, 0.000091552734375000,  ,  0.774 
gemini ; 0.000000000000000000, 0.000000000000000000, 0.000000000000000000,  ,  0.705 
gemini ; 0.022979736328125000, 0.019424438476562500, 0.000091552734375000,  ,  0.721 
gemini ; 0.019714355468750000, 0.016296386718750000, 0.000091552734375000,  ,  0.661 
gemini ; 0.000000000000000000, 0.000000000000000000, 0.000000000000000000,  ,  0.706 
gemini ; 0.019882202148437500, 0.016540527343750000, 0.000091552734375000,  ,  0.905 
gemini ; 0.022186279296875000, 0.018493652343750000, 0.000091552734375000,  ,  0.75 
gemini ; 0.019668579101562500, 0.016189575195312500, 0.000091552734375000,  ,  0.678 
gemini ; 0.000000000000000000, 0.000000000000000000, 0.000000000000000000,  ,  0.64 
gemini ; 0.019348144531250000, 0.016052246093750000, 0.000091552734375000,  ,  0.673 
gemini ; 0.019805908203125000, 0.016510009765625000, 0.000091552734375000,  ,  0.702 
gemini ; 0.000000000000000000, 0.000000000000000000, 0.000000000000000000,  ,  0.716 
gemini ; 0.053634643554687500, 0.040008544921875000, 0.004730224609375000,  ,  1.321 
gemini ; 0.027511596679687500, 0.021820068359375000, 0.001281738281250000,  ,  1.269 
gemini ; 0.026687622070312500, 0.043853759765625000, 0.003601074218750000,  ,  1.539 
gemini ; 0.029357910156250000, 0.020065307617187500, 0.004074096679687500,  ,  1.442 
gemini ; 0.059921264648437500, 0.040969848632812500, 0.009353637695312500,  ,  1.721 
gemini ; 0.024993896484375000, 0.018493652343750000, 0.002136230468750000,  ,  0.966 
gemini ; 0.000000000000000000, 0.000000000000000000, 0.000000000000000000,  ,  0.719 
gemini ; 0.019775390625000000, 0.016387939453125000, 0.000091552734375000,  ,  0.65 
gemini ; 0.019302368164062500, 0.015960693359375000, 0.000091552734375000,  ,  0.67 
gemini ; 0.000000000000000000, 0.000000000000000000, 0.000000000000000000,  ,  0.693 
gemini ; 0.020324707031250000, 0.016937255859375000, 0.000091552734375000,  ,  0.682 
gemini ; 0.020385742187500000, 0.016921997070312500, 0.000091552734375000,  ,  0.889 
gemini ; 0.021759033203125000, 0.017990112304687500, 0.000091552734375000,  ,  0.729 
gemini ; 0.000000000000000000, 0.000000000000000000, 0.000000000000000000,  ,  0.702 
gemini ; 0.019836425781250000, 0.016510009765625000, 0.000091552734375000,  ,  0.782 
gemini ; 0.018508911132812500, 0.015335083007812500, 0.000091552734375000,  ,  0.7 
gemini ; 0.023437500000000000, 0.019134521484375000, 0.000686645507812500,  ,  0.8 
gemini ; 0.028549194335937500, 0.019454956054687500, 0.004013061523437500,  ,  1.463 
gemini ; 0.054031372070312500, 0.043655395507812500, 0.001937866210937500,  ,  1.417 
gemini ; 0.029678344726562500, 0.020919799804687500, 0.003692626953125000,  ,  1.296 
gemini ; 0.029220581054687500, 0.020080566406250000, 0.003967285156250000,  ,  1.078 
gemini ; 0.028854370117187500, 0.019454956054687500, 0.004638671875000000,  ,  1.207 
gemini ; 0.026123046875000000, 0.016998291015625000, 0.004714965820312500,  ,  1.029 
gemini ; 0.023391723632812500, 0.017471313476562500, 0.001922607421875000,  ,  0.749 
gemini ; 0.019668579101562500, 0.016220092773437500, 0.000091552734375000,  ,  0.699 
gemini ; 0.000000000000000000, 0.000000000000000000, 0.000000000000000000,  ,  0.674 
gemini ; 0.019897460937500000, 0.016571044921875000, 0.000091552734375000,  ,  0.726 
gemini ; 0.019668579101562500, 0.016357421875000000, 0.000091552734375000,  ,  0.694 
gemini ; 0.022796630859375000, 0.019073486328125000, 0.000091552734375000,  ,  0.953 
gemini ; 0.000000000000000000, 0.000000000000000000, 0.000000000000000000,  ,  0.723 
gemini ; 0.021484375000000000, 0.017929077148437500, 0.000091552734375000,  ,  0.684 
gemini ; 0.019073486328125000, 0.015762329101562500, 0.000091552734375000,  ,  0.693 
gemini ; 0.000000000000000000, 0.017089843750000000, 0.000091552734375000,  ,  0.697 
gemini ; 0.000000000000000000, 0.000000000000000000, 0.000000000000000000,  ,  0.705 
gemini ; 0.020782470703125000, 0.017379760742187500, 0.000091552734375000,  ,  0.767 
gemini ; 0.027740478515625000, 0.020751953125000000, 0.002349853515625000,  ,  1.144 
gemini ; 0.025558471679687500, 0.018753051757812500, 0.002410888671875000,  ,  1.173 
gemini ; 0.026626586914062500, 0.021270751953125000, 0.001266479492187500,  ,  1.129 
gemini ; 0.057342529296875000, 0.040557861328125000, 0.006790161132812500,  ,  1.417 
gemini ; 0.027648925781250000, 0.018524169921875000, 0.004318237304687500,  ,  1.018 
gemini ; 0.028671264648437500, 0.018920898437500000, 0.005203247070312500,  ,  1.035 
gemini ; 0.023605346679687500, 0.016998291015625000, 0.002563476562500000,  ,  0.789 
gemini ; 0.000000000000000000, 0.000000000000000000, 0.000000000000000000,  ,  0.698 
gemini ; 0.020034790039062500, 0.016586303710937500, 0.000091552734375000,  ,  0.643 
gemini ; 0.018890380859375000, 0.015640258789062500, 0.000091552734375000,  ,  0.662 
gemini ; 0.000000000000000000, 0.000000000000000000, 0.000000000000000000,  ,  0.76 
gemini ; 0.020278930664062500, 0.016860961914062500, 0.000091552734375000,  ,  0.688 
gemini ; 0.021331787109375000, 0.017715454101562500, 0.000091552734375000,  ,  0.879 
gemini ; 0.020538330078125000, 0.016952514648437500, 0.000091552734375000,  ,  0.734 
gemini ; 0.000000000000000000, 0.000000000000000000, 0.000000000000000000,  ,  0.709 
gemini ; 0.019821166992187500, 0.016494750976562500, 0.000091552734375000,  ,  0.699 
gemini ; 0.019897460937500000, 0.016494750976562500, 0.000091552734375000,  ,  0.673 
gemini ; 0.000000000000000000, 0.000000000000000000, 0.000000000000000000,  ,  0.665 
gemini ; 0.019592285156250000, 0.016326904296875000, 0.000091552734375000,  ,  0.664 
gemini ; 0.020141601562500000, 0.016738891601562500, 0.000091552734375000,  ,  0.904 
gemini ; 0.026062011718750000, 0.020645141601562500, 0.001235961914062500,  ,  0.944 
gemini ; 0.027404785156250000, 0.019180297851562500, 0.003433227539062500,  ,  1.192 
gemini ; 0.056549072265625000, 0.041946411132812500, 0.005203247070312500,  ,  1.402 
gemini ; 0.029220581054687500, 0.019958496093750000, 0.004089355468750000,  ,  1.491 
gemini ; 0.030044555664062500, 0.020492553710937500, 0.004653930664062500,  ,  1.293 
gemini ; 0.028060913085937500, 0.018615722656250000, 0.004776000976562500,  ,  0.975 
gemini ; 0.022079467773437500, 0.016738891601562500, 0.001495361328125000,  ,  0.737 
gemini ; 0.019638061523437500, 0.016189575195312500, 0.000091552734375000,  ,  0.696 
gemini ; 0.000000000000000000, 0.000000000000000000, 0.000000000000000000,  ,  0.74 
gemini ; 0.019348144531250000, 0.015945434570312500, 0.000000000000000000,  ,  0.712 
gemini ; 0.021209716796875000, 0.017684936523437500, 0.000091552734375000,  ,  1.045 
gemini ; 0.021423339843750000, 0.017578125000000000, 0.000091552734375000,  ,  0.776 
gemini ; 0.019531250000000000, 0.016067504882812500, 0.000091552734375000,  ,  0.71 
gemini ; 0.000000000000000000, 0.000000000000000000, 0.000000000000000000,  ,  0.754 
gemini ; 0.019729614257812500, 0.000000000000000000, 0.000000000000000000,  ,  0.678 
gemini ; 0.019027709960937500, 0.015731811523437500, 0.000091552734375000,  ,  0.689 
gemini ; 0.022827148437500000, 0.019073486328125000, 0.000091552734375000,  ,  0.873 
gemini ; 0.019683837890625000, 0.016159057617187500, 0.000091552734375000,  ,  0.809 
gemini ; 0.025375366210937500, 0.018859863281250000, 0.002227783203125000,  ,  1.034 
gemini ; 0.027633666992187500, 0.020523071289062500, 0.002487182617187500,  ,  1.373 
gemini ; 0.026657104492187500, 0.041442871093750000, 0.006179809570312500,  ,  2.094 
gemini ; 0.028350830078125000, 0.019424438476562500, 0.003906250000000000,  ,  1.186 
gemini ; 0.025329589843750000, 0.015930175781250000, 0.005065917968750000,  ,  0.821 
gemini ; 0.024505615234375000, 0.015899658203125000, 0.004302978515625000,  ,  0.791 
gemini ; 0.019226074218750000, 0.015411376953125000, 0.000579833984375000,  ,  0.71 
gemini ; 0.000000000000000000, 0.000000000000000000, 0.000000000000000000,  ,  0.709 
gemini ; 0.021835327148437500, 0.018173217773437500, 0.000091552734375000,  ,  0.979 
gemini ; 0.021026611328125000, 0.017272949218750000, 0.000091552734375000,  ,  0.759 
gemini ; 0.018585205078125000, 0.015228271484375000, 0.000091552734375000,  ,  0.673 
gemini ; 0.000000000000000000, 0.000000000000000000, 0.000000000000000000,  ,  0.679 
gemini ; 0.019989013671875000, 0.016693115234375000, 0.000091552734375000,  ,  0.735 
BlackBox ; 0.018295288085937500, 0.014816284179687500, 0.000091552734375000,  ,  0.842 
BlackBox ; 0.000000000000000000, 0.000000000000000000, 0.000000000000000000,  ,  0.699 
BlackBox ; 0.019805908203125000, 0.016494750976562500, 0.000091552734375000,  ,  0.678 
BlackBox ; 0.019500732421875000, 0.016143798828125000, 0.000091552734375000,  ,  0.762 
BlackBox ; 0.019714355468750000, 0.016342163085937500, 0.000091552734375000,  ,  0.697 
BlackBox ; 0.000000000000000000, 0.000000000000000000, 0.000000000000000000,  ,  0.687 
BlackBox ; 0.019180297851562500, 0.015945434570312500, 0.000091552734375000,  ,  0.66 
BlackBox ; 0.023162841796875000, 0.019317626953125000, 0.000091552734375000,  ,  0.918 
BlackBox ; 0.021926879882812500, 0.018157958984375000, 0.000091552734375000,  ,  0.786 
BlackBox ; 0.000000000000000000, 0.000000000000000000, 0.000000000000000000,  ,  0.714 
BlackBox ; 0.019912719726562500, 0.016586303710937500, 0.000091552734375000,  ,  0.734 
BlackBox ; 0.026138305664062500, 0.019866943359375000, 0.002044677734375000,  ,  0.879 
BlackBox ; 0.023773193359375000, 0.016799926757812500, 0.002655029296875000,  ,  1.175 
BlackBox ; 0.026123046875000000, 0.020797729492187500, 0.001251220703125000,  ,  1.34 
BlackBox ; 0.057464599609375000, 0.041976928710937500, 0.005706787109375000,  ,  1.443 
BlackBox ; 0.030288696289062500, 0.021011352539062500, 0.003997802734375000,  ,  1.423 
BlackBox ; 0.029708862304687500, 0.019958496093750000, 0.005004882812500000,  ,  1.003 
BlackBox ; 0.026275634765625000, 0.017471313476562500, 0.004364013671875000,  ,  0.954 
BlackBox ; 0.022460937500000000, 0.018127441406250000, 0.000610351562500000,  ,  0.762 
BlackBox ; 0.019073486328125000, 0.015670776367187500, 0.000091552734375000,  ,  0.683 
BlackBox ; 0.000000000000000000, 0.000000000000000000, 0.000000000000000000,  ,  0.66 
BlackBox ; 0.019699096679687500, 0.016418457031250000, 0.000091552734375000,  ,  0.711 
BlackBox ; 0.021011352539062500, 0.017562866210937500, 0.000091552734375000,  ,  0.682 
BlackBox ; 0.021591186523437500, 0.017959594726562500, 0.000091552734375000,  ,  0.873 
BlackBox ; 0.000000000000000000, 0.000000000000000000, 0.000000000000000000,  ,  0.716 
BlackBox ; 0.020294189453125000, 0.016860961914062500, 0.000091552734375000,  ,  0.668 
BlackBox ; 0.019546508789062500, 0.016204833984375000, 0.000091552734375000,  ,  0.671 
BlackBox ; 0.000000000000000000, 0.000000000000000000, 0.000000000000000000,  ,  0.664 
BlackBox ; 0.019851684570312500, 0.016525268554687500, 0.000091552734375000,  ,  0.679 
BlackBox ; 0.021163940429687500, 0.017700195312500000, 0.000091552734375000,  ,  0.759 
BlackBox ; 0.028503417968750000, 0.019973754882812500, 0.003585815429687500,  ,  1.576 
BlackBox ; 0.028030395507812500, 0.021743774414062500, 0.001785278320312500,  ,  1.037 
BlackBox ; 0.055618286132812500, 0.039916992187500000, 0.006088256835937500,  ,  1.303 
BlackBox ; 0.029388427734375000, 0.020202636718750000, 0.004074096679687500,  ,  1.18 
BlackBox ; 0.027801513671875000, 0.018081665039062500, 0.005325317382812500,  ,  1.051 
BlackBox ; 0.024520874023437500, 0.016769409179687500, 0.003402709960937500,  ,  0.822 
BlackBox ; 0.000000000000000000, 0.000000000000000000, 0.000000000000000000,  ,  0.694 
BlackBox ; 0.019638061523437500, 0.016174316406250000, 0.000091552734375000,  ,  0.658 
BlackBox ; 0.019027709960937500, 0.015731811523437500, 0.000091552734375000,  ,  0.663 
BlackBox ; 0.000000000000000000, 0.000000000000000000, 0.000000000000000000,  ,  0.661 
BlackBox ; 0.019500732421875000, 0.016265869140625000, 0.000091552734375000,  ,  0.679 
BlackBox ; 0.021545410156250000, 0.017898559570312500, 0.000091552734375000,  ,  0.86 
BlackBox ; 0.020568847656250000, 0.016983032226562500, 0.000091552734375000,  ,  0.738 
BlackBox ; 0.000000000000000000, 0.000000000000000000, 0.000000000000000000,  ,  0.74 
BlackBox ; 0.020828247070312500, 0.017333984375000000, 0.000091552734375000,  ,  0.714 
BlackBox ; 0.018463134765625000, 0.015258789062500000, 0.000091552734375000,  ,  0.707 
BlackBox ; 0.019302368164062500, 0.015975952148437500, 0.000091552734375000,  ,  0.73 
BlackBox ; 0.000000000000000000, 0.000000000000000000, 0.000000000000000000,  ,  0.706 
BlackBox ; 0.020828247070312500, 0.017395019531250000, 0.000091552734375000,  ,  0.977 
BlackBox ; 0.026016235351562500, 0.021270751953125000, 0.000686645507812500,  ,  0.889 
BlackBox ; 0.026428222656250000, 0.038330078125000000, 0.005218505859375000,  ,  1.397 
BlackBox ; 0.028518676757812500, 0.020767211914062500, 0.002777099609375000,  ,  1.613 
BlackBox ; 0.030090332031250000, 0.020706176757812500, 0.004119873046875000,  ,  1.165 
BlackBox ; 0.027969360351562500, 0.018829345703125000, 0.004425048828125000,  ,  1.159 
BlackBox ; 0.028121948242187500, 0.018692016601562500, 0.000000000000000000,  ,  0.871 
BlackBox ; 0.022567749023437500, 0.015914916992187500, 0.002639770507812500,  ,  0.741 
BlackBox ; 0.019149780273437500, 0.015777587890625000, 0.000091552734375000,  ,  0.694 
BlackBox ; 0.000000000000000000, 0.000000000000000000, 0.000000000000000000,  ,  0.682 
BlackBox ; 0.019790649414062500, 0.016464233398437500, 0.000091552734375000,  ,  0.736 
BlackBox ; 0.018966674804687500, 0.015640258789062500, 0.000091552734375000,  ,  0.681 
BlackBox ; 0.022537231445312500, 0.018814086914062500, 0.000091552734375000,  ,  0.886 
BlackBox ; 0.019607543945312500, 0.016098022460937500, 0.000091552734375000,  ,  0.78 
BlackBox ; 0.000000000000000000, 0.000000000000000000, 0.000000000000000000,  ,  0.688 
BlackBox ; 0.019851684570312500, 0.016433715820312500, 0.000091552734375000,  ,  0.87 
BlackBox ; 0.018981933593750000, 0.015625000000000000, 0.000091552734375000,  ,  0.691 
BlackBox ; 0.000000000000000000, 0.000000000000000000, 0.000000000000000000,  ,  0.688 
BlackBox ; 0.019653320312500000, 0.016403198242187500, 0.000091552734375000,  ,  0.664 
BlackBox ; 0.021133422851562500, 0.017532348632812500, 0.000091552734375000,  ,  1.097 
BlackBox ; 0.023986816406250000, 0.038497924804687500, 0.005294799804687500,  ,  1.45 
BlackBox ; 0.026168823242187500, 0.021148681640625000, 0.000854492187500000,  ,  1.115 
BlackBox ; 0.029891967773437500, 0.020339965820312500, 0.004226684570312500,  ,  1.479 
BlackBox ; 0.059997558593750000, 0.040756225585937500, 0.009124755859375000,  ,  1.561 
BlackBox ; 0.024169921875000000, 0.015335083007812500, 0.004516601562500000,  ,  0.885 
BlackBox ; 0.000000000000000000, 0.000000000000000000, 0.000000000000000000,  ,  0.761 
BlackBox ; 0.020858764648437500, 0.016525268554687500, 0.000839233398437500,  ,  0.698 
BlackBox ; 0.018814086914062500, 0.015487670898437500, 0.000091552734375000,  ,  0.755 
BlackBox ; 0.017944335937500000, 0.014663696289062500, 0.000091552734375000,  ,  0.699 
BlackBox ; 0.023452758789062500, 0.019699096679687500, 0.000091552734375000,  ,  0.912 
BlackBox ; 0.027053833007812500, 0.023239135742187500, 0.000091552734375000,  ,  1.277 
BlackBox ; 0.027648925781250000, 0.023895263671875000, 0.000091552734375000,  ,  1.297 
BlackBox ; 0.026412963867187500, 0.022766113281250000, 0.000091552734375000,  ,  1.244 
BlackBox ; 0.027740478515625000, 0.023986816406250000, 0.000091552734375000,  ,  1.115 
BlackBox ; 0.054504394531250000, 0.046844482421875000, 0.000183105468750000,  ,  1.536 
BlackBox ; 0.029144287109375000, 0.022094726562500000, 0.002532958984375000,  ,  1.266 
BlackBox ; 0.030273437500000000, 0.023376464843750000, 0.002258300781250000,  ,  1.211 
BlackBox ; 0.055786132812500000, 0.046096801757812500, 0.001571655273437500,  ,  1.416 
BlackBox ; 0.032226562500000000, 0.022491455078125000, 0.004333496093750000,  ,  1.349 
BlackBox ; 0.062072753906250000, 0.043258666992187500, 0.008850097656250000,  ,  1.397 
BlackBox ; 0.031616210937500000, 0.021972656250000000, 0.004699707031250000,  ,  1.462 
BlackBox ; 0.027618408203125000, 0.022369384765625000, 0.001068115234375000,  ,  1.135 
BlackBox ; 0.027893066406250000, 0.023834228515625000, 0.000091552734375000,  ,  1.117 
BlackBox ; 0.026870727539062500, 0.023223876953125000, 0.000091552734375000,  ,  1.134 
BlackBox ; 0.054733276367187500, 0.024002075195312500, 0.000091552734375000,  ,  1.27 
BlackBox ; 0.026016235351562500, 0.022186279296875000, 0.000091552734375000,  ,  1.221 
BlackBox ; 0.027114868164062500, 0.023300170898437500, 0.000091552734375000,  ,  1.124 
BlackBox ; 0.025802612304687500, 0.022018432617187500, 0.000091552734375000,  ,  1.009 
BlackBox ; 0.027206420898437500, 0.022460937500000000, 0.000701904296875000,  ,  0.992 
BlackBox ; 0.029541015625000000, 0.020584106445312500, 0.003967285156250000,  ,  1.164 
BlackBox ; 0.053710937500000000, 0.042587280273437500, 0.002487182617187500,  ,  1.323 
BlackBox ; 0.030181884765625000, 0.020889282226562500, 0.004058837890625000,  ,  1.359 
